timestamp,ticker,action,quantity,exchange,price,commission
2009-01-06 00:00:00,IEI,SLD,2000,ARCA,115.01,10.0
2009-01-06 00:00:00,TLT,BOT,2456,ARCA,112.21,12.28
2009-01-07 00:00:00,IEI,BOT,2000,ARCA,115.19,10.0
2009-01-07 00:00:00,TLT,SLD,2456,ARCA,112.65,12.28
2009-01-14 00:00:00,IEI,BOT,2000,ARCA,116.32,10.0
2009-01-14 00:00:00,TLT,SLD,2405,ARCA,115.9,12.025
2009-01-15 00:00:00,IEI,SLD,2000,ARCA,116.16,10.0
2009-01-15 00:00:00,TLT,BOT,2405,ARCA,116.09,12.025
2009-01-16 00:00:00,IEI,SLD,2000,ARCA,115.77,10.0
2009-01-16 00:00:00,TLT,BOT,2427,ARCA,114.3,12.135
2009-01-20 00:00:00,IEI,BOT,2000,ARCA,115.79,10.0
2009-01-20 00:00:00,TLT,SLD,2427,ARCA,114.28,12.135
2009-01-21 00:00:00,IEI,SLD,2000,ARCA,115.2,10.0
2009-01-21 00:00:00,TLT,BOT,2494,ARCA,110.67,12.47
2009-01-23 00:00:00,IEI,BOT,2000,ARCA,114.85,10.0
2009-01-23 00:00:00,TLT,SLD,2494,ARCA,107.69,12.47
2009-01-27 00:00:00,IEI,BOT,2000,ARCA,114.99,10.0
2009-01-27 00:00:00,TLT,SLD,2522,ARCA,109.26,12.61
2009-01-28 00:00:00,IEI,SLD,2000,ARCA,114.44,10.0
2009-01-28 00:00:00,TLT,BOT,2522,ARCA,106.53,12.61
2009-01-29 00:00:00,IEI,SLD,2000,ARCA,113.97,10.0
2009-01-29 00:00:00,TLT,BOT,2624,ARCA,104.08,13.12
2009-01-30 00:00:00,IEI,BOT,2000,ARCA,114.08,10.0
2009-01-30 00:00:00,TLT,SLD,2624,ARCA,103.75,13.12
2009-02-02 00:00:00,IEI,BOT,2000,ARCA,114.37,10.0
2009-02-02 00:00:00,TLT,SLD,2599,ARCA,105.39,12.995
2009-02-03 00:00:00,IEI,SLD,2000,ARCA,113.43,10.0
2009-02-03 00:00:00,TLT,BOT,2599,ARCA,102.88,12.995
2009-02-10 00:00:00,IEI,BOT,2000,ARCA,113.79,10.0
2009-02-10 00:00:00,TLT,SLD,2600,ARCA,104.85,13.0
2009-02-12 00:00:00,IEI,SLD,2000,ARCA,113.95,10.0
2009-02-12 00:00:00,TLT,BOT,2600,ARCA,105.21,13.0
2009-02-13 00:00:00,IEI,SLD,2000,ARCA,113.33,10.0
2009-02-13 00:00:00,TLT,BOT,2650,ARCA,102.41,13.25
2009-02-17 00:00:00,IEI,BOT,2000,ARCA,114.39,10.0
2009-02-17 00:00:00,TLT,SLD,2650,ARCA,105.6,13.25
2009-02-19 00:00:00,IEI,SLD,2000,ARCA,113.58,10.0
2009-02-19 00:00:00,TLT,BOT,2643,ARCA,102.92,13.215
2009-02-20 00:00:00,IEI,BOT,2000,ARCA,113.82,10.0
2009-02-20 00:00:00,TLT,SLD,2643,ARCA,103.92,13.215
2009-02-23 00:00:00,IEI,BOT,2000,ARCA,113.71,10.0
2009-02-23 00:00:00,TLT,SLD,2597,ARCA,104.88,12.985
2009-02-24 00:00:00,IEI,SLD,2000,ARCA,113.47,10.0
2009-02-24 00:00:00,TLT,BOT,2597,ARCA,104.77,12.985
2009-02-26 00:00:00,IEI,SLD,2000,ARCA,112.71,10.0
2009-02-26 00:00:00,TLT,BOT,2634,ARCA,102.47,13.17
2009-03-02 00:00:00,IEI,BOT,2000,ARCA,113.61,10.0
2009-03-02 00:00:00,TLT,SLD,2634,ARCA,103.28,13.17
2009-03-05 00:00:00,IEI,BOT,2000,ARCA,113.71,10.0
2009-03-05 00:00:00,TLT,SLD,2593,ARCA,104.96,12.965
2009-03-06 00:00:00,IEI,SLD,2000,ARCA,113.38,10.0
2009-03-06 00:00:00,TLT,BOT,2593,ARCA,104.26,12.965
2009-03-10 00:00:00,IEI,SLD,2000,ARCA,112.81,10.0
2009-03-10 00:00:00,TLT,BOT,2656,ARCA,101.66,13.28
2009-03-11 00:00:00,IEI,BOT,2000,ARCA,112.97,10.0
2009-03-11 00:00:00,TLT,SLD,2656,ARCA,102.76,13.28
2009-03-13 00:00:00,IEI,SLD,2000,ARCA,113.46,10.0
2009-03-13 00:00:00,TLT,BOT,2643,ARCA,102.73,13.215
2009-03-17 00:00:00,IEI,BOT,2000,ARCA,112.77,10.0
2009-03-17 00:00:00,TLT,SLD,2643,ARCA,100.56,13.215
2009-03-18 00:00:00,IEI,BOT,2000,ARCA,114.85,10.0
2009-03-18 00:00:00,TLT,SLD,2634,ARCA,104.37,13.17
2009-03-19 00:00:00,IEI,SLD,2000,ARCA,114.56,10.0
2009-03-19 00:00:00,TLT,BOT,2634,ARCA,104.5,13.17
2009-03-24 00:00:00,IEI,BOT,2000,ARCA,114.21,10.0
2009-03-24 00:00:00,TLT,SLD,2628,ARCA,104.0,13.14
2009-03-25 00:00:00,IEI,SLD,2000,ARCA,113.92,10.0
2009-03-25 00:00:00,TLT,BOT,2628,ARCA,102.6,13.14
2009-03-26 00:00:00,IEI,BOT,2000,ARCA,114.19,10.0
2009-03-26 00:00:00,TLT,SLD,2633,ARCA,103.79,13.165
2009-03-27 00:00:00,IEI,SLD,2000,ARCA,114.2,10.0
2009-03-27 00:00:00,TLT,BOT,2633,ARCA,104.56,13.165
2009-04-01 00:00:00,IEI,BOT,2000,ARCA,114.73,10.0
2009-04-01 00:00:00,TLT,SLD,2579,ARCA,106.37,12.895
2009-04-02 00:00:00,IEI,SLD,2000,ARCA,114.26,10.0
2009-04-02 00:00:00,TLT,BOT,2579,ARCA,105.07,12.895
2009-04-03 00:00:00,IEI,SLD,2000,ARCA,113.39,10.0
2009-04-03 00:00:00,TLT,BOT,2635,ARCA,102.92,13.175
2009-04-06 00:00:00,IEI,BOT,2000,ARCA,113.25,10.0
2009-04-06 00:00:00,TLT,SLD,2635,ARCA,102.48,13.175
2009-04-08 00:00:00,IEI,BOT,2000,ARCA,113.55,10.0
2009-04-08 00:00:00,TLT,SLD,2620,ARCA,103.65,13.1
2009-04-09 00:00:00,IEI,SLD,2000,ARCA,113.31,10.0
2009-04-09 00:00:00,TLT,BOT,2620,ARCA,102.35,13.1
2009-04-20 00:00:00,IEI,BOT,2000,ARCA,113.78,10.0
2009-04-20 00:00:00,TLT,SLD,2636,ARCA,103.24,13.18
2009-04-21 00:00:00,IEI,SLD,2000,ARCA,113.5,10.0
2009-04-21 00:00:00,TLT,BOT,2636,ARCA,102.22,13.18
2009-04-24 00:00:00,IEI,SLD,2000,ARCA,113.18,10.0
2009-04-24 00:00:00,TLT,BOT,2691,ARCA,100.57,13.455
2009-04-27 00:00:00,IEI,BOT,2000,ARCA,113.66,10.0
2009-04-27 00:00:00,TLT,SLD,2691,ARCA,101.0,13.455
2009-04-28 00:00:00,IEI,SLD,2000,ARCA,113.27,10.0
2009-04-28 00:00:00,TLT,BOT,2726,ARCA,99.35,13.63
2009-04-29 00:00:00,IEI,BOT,2000,ARCA,112.92,10.0
2009-04-29 00:00:00,TLT,SLD,2726,ARCA,98.47,13.63
2009-05-07 00:00:00,IEI,SLD,2000,ARCA,112.11,10.0
2009-05-07 00:00:00,TLT,BOT,2827,ARCA,94.71,14.135
2009-05-08 00:00:00,IEI,BOT,2000,ARCA,112.2,10.0
2009-05-08 00:00:00,TLT,SLD,2827,ARCA,94.94,14.135
2009-05-11 00:00:00,IEI,BOT,2000,ARCA,112.76,10.0
2009-05-11 00:00:00,TLT,SLD,2797,ARCA,96.29,13.985
2009-05-12 00:00:00,IEI,SLD,2000,ARCA,112.83,10.0
2009-05-12 00:00:00,TLT,BOT,2797,ARCA,96.64,13.985
2009-05-13 00:00:00,IEI,BOT,2000,ARCA,113.03,10.0
2009-05-13 00:00:00,TLT,SLD,2763,ARCA,97.69,13.815
2009-05-14 00:00:00,IEI,SLD,2000,ARCA,113.1,10.0
2009-05-14 00:00:00,TLT,BOT,2763,ARCA,98.07,13.815
2009-05-18 00:00:00,IEI,SLD,2000,ARCA,112.53,10.0
2009-05-18 00:00:00,TLT,BOT,2784,ARCA,96.52,13.92
2009-05-19 00:00:00,IEI,BOT,2000,ARCA,112.47,10.0
2009-05-19 00:00:00,TLT,SLD,2784,ARCA,96.01,13.92
2009-05-20 00:00:00,IEI,BOT,2000,ARCA,112.81,10.0
2009-05-20 00:00:00,TLT,SLD,2777,ARCA,97.02,13.885
2009-05-21 00:00:00,IEI,SLD,2000,ARCA,112.29,10.0
2009-05-21 00:00:00,TLT,BOT,2777,ARCA,94.58,13.885
2009-05-22 00:00:00,IEI,SLD,2000,ARCA,111.98,10.0
2009-05-22 00:00:00,TLT,BOT,2859,ARCA,93.53,14.295
2009-05-28 00:00:00,IEI,BOT,2000,ARCA,111.06,10.0
2009-05-28 00:00:00,TLT,SLD,2859,ARCA,91.8,14.295
2009-05-29 00:00:00,IEI,BOT,2000,ARCA,111.74,10.0
2009-05-29 00:00:00,TLT,SLD,2834,ARCA,94.17,14.17
2009-06-01 00:00:00,IEI,SLD,2000,ARCA,110.53,10.0
2009-06-01 00:00:00,TLT,BOT,2834,ARCA,91.09,14.17
2009-06-04 00:00:00,IEI,SLD,2000,ARCA,110.47,10.0
2009-06-04 00:00:00,TLT,BOT,2910,ARCA,90.53,14.55
2009-06-05 00:00:00,IEI,BOT,2000,ARCA,109.17,10.0
2009-06-05 00:00:00,TLT,SLD,2910,ARCA,89.84,14.55
2009-06-10 00:00:00,IEI,SLD,2000,ARCA,108.79,10.0
2009-06-10 00:00:00,TLT,BOT,2942,ARCA,88.19,14.71
2009-06-11 00:00:00,IEI,BOT,2000,ARCA,109.19,10.0
2009-06-11 00:00:00,TLT,SLD,2942,ARCA,89.17,14.71
2009-06-16 00:00:00,IEI,BOT,2000,ARCA,109.93,10.0
2009-06-16 00:00:00,TLT,SLD,2839,ARCA,92.36,14.195
2009-06-17 00:00:00,IEI,SLD,2000,ARCA,110.03,10.0
2009-06-17 00:00:00,TLT,BOT,2839,ARCA,91.84,14.195
2009-06-18 00:00:00,IEI,SLD,2000,ARCA,109.2,10.0
2009-06-18 00:00:00,TLT,BOT,2879,ARCA,90.45,14.395
2009-06-19 00:00:00,IEI,BOT,2000,ARCA,109.39,10.0
2009-06-19 00:00:00,TLT,SLD,2879,ARCA,91.69,14.395
2009-06-23 00:00:00,IEI,BOT,2000,ARCA,109.93,10.0
2009-06-23 00:00:00,TLT,SLD,2799,ARCA,93.67,13.995
2009-06-24 00:00:00,IEI,SLD,2000,ARCA,109.82,10.0
2009-06-24 00:00:00,TLT,BOT,2799,ARCA,92.73,13.995
2009-06-25 00:00:00,IEI,BOT,2000,ARCA,110.62,10.0
2009-06-25 00:00:00,TLT,SLD,2794,ARCA,94.43,13.97
2009-06-26 00:00:00,IEI,SLD,2000,ARCA,110.77,10.0
2009-06-26 00:00:00,TLT,BOT,2794,ARCA,94.59,13.97
2009-07-08 00:00:00,IEI,BOT,2000,ARCA,112.13,10.0
2009-07-08 00:00:00,TLT,SLD,2768,ARCA,96.5,13.84
2009-07-09 00:00:00,IEI,SLD,2000,ARCA,111.72,10.0
2009-07-09 00:00:00,TLT,BOT,2768,ARCA,95.35,13.84
2009-07-14 00:00:00,IEI,SLD,2000,ARCA,111.65,10.0
2009-07-14 00:00:00,TLT,BOT,2826,ARCA,94.1,14.13
2009-07-16 00:00:00,IEI,BOT,2000,ARCA,111.08,10.0
2009-07-16 00:00:00,TLT,SLD,2826,ARCA,92.67,14.13
2009-07-17 00:00:00,IEI,SLD,2000,ARCA,110.83,10.0
2009-07-17 00:00:00,TLT,BOT,2893,ARCA,91.24,14.465
2009-07-20 00:00:00,IEI,BOT,2000,ARCA,111.1,10.0
2009-07-20 00:00:00,TLT,SLD,2893,ARCA,91.72,14.465
2009-07-21 00:00:00,IEI,BOT,2000,ARCA,111.75,10.0
2009-07-21 00:00:00,TLT,SLD,2845,ARCA,93.55,14.225
2009-07-22 00:00:00,IEI,SLD,2000,ARCA,111.38,10.0
2009-07-22 00:00:00,TLT,BOT,2845,ARCA,92.71,14.225
2009-07-23 00:00:00,IEI,SLD,2000,ARCA,110.58,10.0
2009-07-23 00:00:00,TLT,BOT,2894,ARCA,91.01,14.47
2009-07-24 00:00:00,IEI,BOT,2000,ARCA,110.75,10.0
2009-07-24 00:00:00,TLT,SLD,2894,ARCA,91.45,14.47
2009-07-27 00:00:00,IEI,SLD,2000,ARCA,110.53,10.0
2009-07-27 00:00:00,TLT,BOT,2912,ARCA,90.4,14.56
2009-07-28 00:00:00,IEI,BOT,2000,ARCA,110.46,10.0
2009-07-28 00:00:00,TLT,SLD,2912,ARCA,91.2,14.56
2009-07-30 00:00:00,IEI,BOT,2000,ARCA,110.51,10.0
2009-07-30 00:00:00,TLT,SLD,2830,ARCA,93.0,14.15
2009-08-03 00:00:00,IEI,SLD,2000,ARCA,110.22,10.0
2009-08-03 00:00:00,TLT,BOT,2830,ARCA,93.06,14.15
2009-08-05 00:00:00,IEI,SLD,2000,ARCA,109.89,10.0
2009-08-05 00:00:00,TLT,BOT,2874,ARCA,90.94,14.37
2009-08-06 00:00:00,IEI,BOT,2000,ARCA,109.91,10.0
2009-08-06 00:00:00,TLT,SLD,2874,ARCA,91.25,14.37
2009-08-10 00:00:00,IEI,BOT,2000,ARCA,109.94,10.0
2009-08-10 00:00:00,TLT,SLD,2854,ARCA,91.62,14.27
2009-08-12 00:00:00,IEI,SLD,2000,ARCA,110.23,10.0
2009-08-12 00:00:00,TLT,BOT,2854,ARCA,91.69,14.27
2009-08-13 00:00:00,IEI,BOT,2000,ARCA,110.73,10.0
2009-08-13 00:00:00,TLT,SLD,2832,ARCA,92.99,14.16
2009-08-14 00:00:00,IEI,SLD,2000,ARCA,110.98,10.0
2009-08-14 00:00:00,TLT,BOT,2832,ARCA,93.35,14.16
2009-08-17 00:00:00,IEI,BOT,2000,ARCA,111.52,10.0
2009-08-17 00:00:00,TLT,SLD,2800,ARCA,94.73,14.0
2009-08-18 00:00:00,IEI,SLD,2000,ARCA,111.28,10.0
2009-08-18 00:00:00,TLT,BOT,2800,ARCA,94.18,14.0
2009-08-21 00:00:00,IEI,SLD,2000,ARCA,110.8,10.0
2009-08-21 00:00:00,TLT,BOT,2810,ARCA,93.77,14.05
2009-08-24 00:00:00,IEI,BOT,2000,ARCA,111.28,10.0
2009-08-24 00:00:00,TLT,SLD,2810,ARCA,95.47,14.05
2009-09-02 00:00:00,IEI,BOT,2000,ARCA,112.37,10.0
2009-09-02 00:00:00,TLT,SLD,2739,ARCA,97.46,13.695
2009-09-03 00:00:00,IEI,SLD,2000,ARCA,112.1,10.0
2009-09-03 00:00:00,TLT,BOT,2739,ARCA,96.86,13.695
2009-09-04 00:00:00,IEI,SLD,2000,ARCA,111.83,10.0
2009-09-04 00:00:00,TLT,BOT,2790,ARCA,95.21,13.95
2009-09-08 00:00:00,IEI,BOT,2000,ARCA,111.75,10.0
2009-09-08 00:00:00,TLT,SLD,2790,ARCA,94.54,13.95
2009-09-10 00:00:00,IEI,BOT,2000,ARCA,112.19,10.0
2009-09-10 00:00:00,TLT,SLD,2771,ARCA,96.17,13.855
2009-09-11 00:00:00,IEI,SLD,2000,ARCA,112.21,10.0
2009-09-11 00:00:00,TLT,BOT,2771,ARCA,96.7,13.855
2009-09-14 00:00:00,IEI,SLD,2000,ARCA,111.98,10.0
2009-09-14 00:00:00,TLT,BOT,2778,ARCA,95.74,13.89
2009-09-15 00:00:00,IEI,BOT,2000,ARCA,111.79,10.0
2009-09-15 00:00:00,TLT,SLD,2778,ARCA,95.25,13.89
2009-09-17 00:00:00,IEI,BOT,2000,ARCA,111.84,10.0
2009-09-17 00:00:00,TLT,SLD,2749,ARCA,96.62,13.745
2009-09-18 00:00:00,IEI,SLD,2000,ARCA,111.47,10.0
2009-09-18 00:00:00,TLT,BOT,2749,ARCA,95.76,13.745
2009-09-25 00:00:00,IEI,BOT,2000,ARCA,112.19,10.0
2009-09-25 00:00:00,TLT,SLD,2720,ARCA,97.98,13.6
2009-09-29 00:00:00,IEI,SLD,2000,ARCA,112.26,10.0
2009-09-29 00:00:00,TLT,BOT,2720,ARCA,98.75,13.6
2009-10-01 00:00:00,IEI,BOT,2000,ARCA,112.86,10.0
2009-10-01 00:00:00,TLT,SLD,2685,ARCA,99.7,13.425
2009-10-02 00:00:00,IEI,SLD,2000,ARCA,112.73,10.0
2009-10-02 00:00:00,TLT,BOT,2685,ARCA,99.01,13.425
2009-10-06 00:00:00,IEI,SLD,2000,ARCA,112.59,10.0
2009-10-06 00:00:00,TLT,BOT,2724,ARCA,98.04,13.62
2009-10-07 00:00:00,IEI,BOT,2000,ARCA,112.97,10.0
2009-10-07 00:00:00,TLT,SLD,2724,ARCA,99.19,13.62
2009-10-08 00:00:00,IEI,SLD,2000,ARCA,112.77,10.0
2009-10-08 00:00:00,TLT,BOT,2725,ARCA,98.15,13.625
2009-10-12 00:00:00,IEI,BOT,2000,ARCA,112.24,10.0
2009-10-12 00:00:00,TLT,SLD,2725,ARCA,96.05,13.625
2009-10-14 00:00:00,IEI,SLD,2000,ARCA,112.13,10.0
2009-10-14 00:00:00,TLT,BOT,2796,ARCA,95.12,13.98
2009-10-15 00:00:00,IEI,BOT,2000,ARCA,111.87,10.0
2009-10-15 00:00:00,TLT,SLD,2796,ARCA,94.68,13.98
2009-10-19 00:00:00,IEI,BOT,2000,ARCA,112.15,10.0
2009-10-19 00:00:00,TLT,SLD,2765,ARCA,96.2,13.825
2009-10-20 00:00:00,IEI,SLD,2000,ARCA,112.51,10.0
2009-10-20 00:00:00,TLT,BOT,2765,ARCA,96.72,13.825
2009-10-26 00:00:00,IEI,SLD,2000,ARCA,111.37,10.0
2009-10-26 00:00:00,TLT,BOT,2819,ARCA,93.72,14.095
2009-10-27 00:00:00,IEI,BOT,2000,ARCA,112.03,10.0
2009-10-27 00:00:00,TLT,SLD,2819,ARCA,95.0,14.095
2009-10-29 00:00:00,IEI,SLD,2000,ARCA,111.95,10.0
2009-10-29 00:00:00,TLT,BOT,2813,ARCA,94.41,14.065
2009-10-30 00:00:00,IEI,BOT,2000,ARCA,112.44,10.0
2009-10-30 00:00:00,TLT,SLD,2813,ARCA,95.78,14.065
2009-11-03 00:00:00,IEI,SLD,2000,ARCA,111.56,10.0
2009-11-03 00:00:00,TLT,BOT,2821,ARCA,94.1,14.105
2009-11-05 00:00:00,IEI,BOT,2000,ARCA,111.64,10.0
2009-11-05 00:00:00,TLT,SLD,2821,ARCA,93.24,14.105
2009-11-16 00:00:00,IEI,BOT,2000,ARCA,112.55,10.0
2009-11-16 00:00:00,TLT,SLD,2819,ARCA,95.02,14.095
2009-11-17 00:00:00,IEI,SLD,2000,ARCA,112.63,10.0
2009-11-17 00:00:00,TLT,BOT,2819,ARCA,95.53,14.095
2009-12-01 00:00:00,IEI,SLD,2000,ARCA,112.97,10.0
2009-12-01 00:00:00,TLT,BOT,2826,ARCA,95.25,14.13
2009-12-02 00:00:00,IEI,BOT,2000,ARCA,112.79,10.0
2009-12-02 00:00:00,TLT,SLD,2826,ARCA,95.33,14.13
2009-12-03 00:00:00,IEI,SLD,2000,ARCA,112.64,10.0
2009-12-03 00:00:00,TLT,BOT,2845,ARCA,94.34,14.225
2009-12-04 00:00:00,IEI,BOT,2000,ARCA,112.02,10.0
2009-12-04 00:00:00,TLT,SLD,2845,ARCA,93.34,14.225
2009-12-10 00:00:00,IEI,SLD,2000,ARCA,112.24,10.0
2009-12-10 00:00:00,TLT,BOT,2904,ARCA,92.1,14.52
2009-12-11 00:00:00,IEI,BOT,2000,ARCA,111.99,10.0
2009-12-11 00:00:00,TLT,SLD,2904,ARCA,92.09,14.52
2009-12-17 00:00:00,IEI,BOT,2000,ARCA,112.23,10.0
2009-12-17 00:00:00,TLT,SLD,2870,ARCA,93.19,14.35
2009-12-18 00:00:00,IEI,SLD,2000,ARCA,111.91,10.0
2009-12-18 00:00:00,TLT,BOT,2870,ARCA,92.79,14.35
2009-12-21 00:00:00,IEI,SLD,2000,ARCA,111.31,10.0
2009-12-21 00:00:00,TLT,BOT,2910,ARCA,91.14,14.55
2009-12-22 00:00:00,IEI,BOT,2000,ARCA,111.0,10.0
2009-12-22 00:00:00,TLT,SLD,2910,ARCA,90.63,14.55
2009-12-24 00:00:00,IEI,SLD,2000,ARCA,110.71,10.0
2009-12-24 00:00:00,TLT,BOT,2940,ARCA,89.71,14.7
2009-12-28 00:00:00,IEI,BOT,2000,ARCA,110.37,10.0
2009-12-28 00:00:00,TLT,SLD,2940,ARCA,89.46,14.7
2010-01-06 00:00:00,IEI,SLD,2000,ARCA,110.44,10.0
2010-01-06 00:00:00,TLT,BOT,2946,ARCA,89.18,14.73
2010-01-07 00:00:00,IEI,BOT,2000,ARCA,110.4,10.0
2010-01-07 00:00:00,TLT,SLD,2946,ARCA,89.33,14.73
2010-01-12 00:00:00,IEI,BOT,2000,ARCA,111.16,10.0
2010-01-12 00:00:00,TLT,SLD,2928,ARCA,90.32,14.64
2010-01-13 00:00:00,IEI,SLD,2000,ARCA,110.79,10.0
2010-01-13 00:00:00,TLT,BOT,2928,ARCA,89.27,14.64
2010-01-14 00:00:00,IEI,BOT,2000,ARCA,111.06,10.0
2010-01-14 00:00:00,TLT,SLD,2919,ARCA,90.52,14.595
2010-01-15 00:00:00,IEI,SLD,2000,ARCA,111.36,10.0
2010-01-15 00:00:00,TLT,BOT,2919,ARCA,91.08,14.595
2010-01-20 00:00:00,IEI,BOT,2000,ARCA,111.46,10.0
2010-01-20 00:00:00,TLT,SLD,2890,ARCA,91.74,14.45
2010-01-21 00:00:00,IEI,SLD,2000,ARCA,111.77,10.0
2010-01-21 00:00:00,TLT,BOT,2890,ARCA,92.16,14.45
2010-02-01 00:00:00,IEI,SLD,2000,ARCA,111.63,10.0
2010-02-01 00:00:00,TLT,BOT,2909,ARCA,91.15,14.545
2010-02-02 00:00:00,IEI,BOT,2000,ARCA,111.68,10.0
2010-02-02 00:00:00,TLT,SLD,2909,ARCA,91.41,14.545
2010-02-03 00:00:00,IEI,SLD,2000,ARCA,111.44,10.0
2010-02-03 00:00:00,TLT,BOT,2929,ARCA,90.35,14.645
2010-02-04 00:00:00,IEI,BOT,2000,ARCA,112.08,10.0
2010-02-04 00:00:00,TLT,SLD,2929,ARCA,91.78,14.645
2010-02-09 00:00:00,IEI,SLD,2000,ARCA,111.98,10.0
2010-02-09 00:00:00,TLT,BOT,2917,ARCA,91.18,14.585
2010-02-10 00:00:00,IEI,BOT,2000,ARCA,111.67,10.0
2010-02-10 00:00:00,TLT,SLD,2917,ARCA,90.31,14.585
2010-02-17 00:00:00,IEI,SLD,2000,ARCA,111.63,10.0
2010-02-17 00:00:00,TLT,BOT,2968,ARCA,89.33,14.84
2010-02-18 00:00:00,IEI,BOT,2000,ARCA,111.4,10.0
2010-02-18 00:00:00,TLT,SLD,2968,ARCA,88.97,14.84
2010-02-23 00:00:00,IEI,BOT,2000,ARCA,111.83,10.0
2010-02-23 00:00:00,TLT,SLD,2936,ARCA,90.47,14.68
2010-02-24 00:00:00,IEI,SLD,2000,ARCA,111.8,10.0
2010-02-24 00:00:00,TLT,BOT,2936,ARCA,90.69,14.68
2010-03-05 00:00:00,IEI,SLD,2000,ARCA,111.87,10.0
2010-03-05 00:00:00,TLT,BOT,2939,ARCA,90.27,14.695
2010-03-08 00:00:00,IEI,BOT,2000,ARCA,111.74,10.0
2010-03-08 00:00:00,TLT,SLD,2939,ARCA,89.8,14.695
2010-03-24 00:00:00,IEI,SLD,2000,ARCA,110.92,10.0
2010-03-24 00:00:00,TLT,BOT,2947,ARCA,89.27,14.735
2010-03-25 00:00:00,IEI,BOT,2000,ARCA,110.77,10.0
2010-03-25 00:00:00,TLT,SLD,2947,ARCA,88.7,14.735
2010-04-05 00:00:00,IEI,SLD,2000,ARCA,110.09,10.0
2010-04-05 00:00:00,TLT,BOT,2980,ARCA,87.47,14.9
2010-04-06 00:00:00,IEI,BOT,2000,ARCA,110.31,10.0
2010-04-06 00:00:00,TLT,SLD,2980,ARCA,87.61,14.9
2010-04-07 00:00:00,IEI,BOT,2000,ARCA,110.71,10.0
2010-04-07 00:00:00,TLT,SLD,2954,ARCA,88.73,14.77
2010-04-08 00:00:00,IEI,SLD,2000,ARCA,110.64,10.0
2010-04-08 00:00:00,TLT,BOT,2954,ARCA,88.77,14.77
2010-04-27 00:00:00,IEI,BOT,2000,ARCA,111.86,10.0
2010-04-27 00:00:00,TLT,SLD,2895,ARCA,91.48,14.475
2010-04-28 00:00:00,IEI,SLD,2000,ARCA,111.48,10.0
2010-04-28 00:00:00,TLT,BOT,2895,ARCA,90.7,14.475
2010-04-30 00:00:00,IEI,BOT,2000,ARCA,111.98,10.0
2010-04-30 00:00:00,TLT,SLD,2878,ARCA,92.13,14.39
2010-05-03 00:00:00,IEI,SLD,2000,ARCA,111.54,10.0
2010-05-03 00:00:00,TLT,BOT,2878,ARCA,91.69,14.39
2010-05-04 00:00:00,IEI,BOT,2000,ARCA,112.0,10.0
2010-05-04 00:00:00,TLT,SLD,2837,ARCA,93.34,14.185
2010-05-05 00:00:00,IEI,SLD,2000,ARCA,112.37,10.0
2010-05-05 00:00:00,TLT,BOT,2837,ARCA,93.89,14.185
2010-05-06 00:00:00,IEI,BOT,2000,ARCA,113.0,10.0
2010-05-06 00:00:00,TLT,SLD,2760,ARCA,96.79,13.8
2010-05-07 00:00:00,IEI,SLD,2000,ARCA,113.02,10.0
2010-05-07 00:00:00,TLT,BOT,2760,ARCA,95.58,13.8
2010-05-10 00:00:00,IEI,SLD,2000,ARCA,112.47,10.0
2010-05-10 00:00:00,TLT,BOT,2840,ARCA,93.6,14.2
2010-05-11 00:00:00,IEI,BOT,2000,ARCA,112.59,10.0
2010-05-11 00:00:00,TLT,SLD,2840,ARCA,93.36,14.2
2010-05-14 00:00:00,IEI,BOT,2000,ARCA,113.13,10.0
2010-05-14 00:00:00,TLT,SLD,2819,ARCA,94.88,14.095
2010-05-17 00:00:00,IEI,SLD,2000,ARCA,112.97,10.0
2010-05-17 00:00:00,TLT,BOT,2819,ARCA,94.53,14.095
2010-05-18 00:00:00,IEI,BOT,2000,ARCA,113.43,10.0
2010-05-18 00:00:00,TLT,SLD,2794,ARCA,95.98,13.97
2010-05-19 00:00:00,IEI,SLD,2000,ARCA,113.37,10.0
2010-05-19 00:00:00,TLT,BOT,2794,ARCA,96.3,13.97
2010-05-20 00:00:00,IEI,BOT,2000,ARCA,113.94,10.0
2010-05-20 00:00:00,TLT,SLD,2739,ARCA,98.33,13.695
2010-05-21 00:00:00,IEI,SLD,2000,ARCA,113.91,10.0
2010-05-21 00:00:00,TLT,BOT,2739,ARCA,98.43,13.695
2010-05-27 00:00:00,IEI,SLD,2000,ARCA,113.18,10.0
2010-05-27 00:00:00,TLT,BOT,2785,ARCA,96.06,13.925
2010-05-28 00:00:00,IEI,BOT,2000,ARCA,113.45,10.0
2010-05-28 00:00:00,TLT,SLD,2785,ARCA,96.5,13.925
2010-06-04 00:00:00,IEI,BOT,2000,ARCA,113.98,10.0
2010-06-04 00:00:00,TLT,SLD,2751,ARCA,97.79,13.755
2010-06-07 00:00:00,IEI,SLD,2000,ARCA,114.22,10.0
2010-06-07 00:00:00,TLT,BOT,2751,ARCA,98.54,13.755
2010-06-10 00:00:00,IEI,SLD,2000,ARCA,113.4,10.0
2010-06-10 00:00:00,TLT,BOT,2783,ARCA,96.19,13.915
2010-06-11 00:00:00,IEI,BOT,2000,ARCA,113.82,10.0
2010-06-11 00:00:00,TLT,SLD,2783,ARCA,97.41,13.915
2010-06-22 00:00:00,IEI,BOT,2000,ARCA,114.26,10.0
2010-06-22 00:00:00,TLT,SLD,2736,ARCA,98.57,13.68
2010-06-23 00:00:00,IEI,SLD,2000,ARCA,114.49,10.0
2010-06-23 00:00:00,TLT,BOT,2736,ARCA,99.24,13.68
2010-06-29 00:00:00,IEI,BOT,2000,ARCA,115.36,10.0
2010-06-29 00:00:00,TLT,SLD,2694,ARCA,101.07,13.47
2010-06-30 00:00:00,IEI,SLD,2000,ARCA,115.33,10.0
2010-06-30 00:00:00,TLT,BOT,2694,ARCA,101.75,13.47
2010-07-07 00:00:00,IEI,SLD,2000,ARCA,115.12,10.0
2010-07-07 00:00:00,TLT,BOT,2702,ARCA,100.43,13.51
2010-07-08 00:00:00,IEI,BOT,2000,ARCA,114.98,10.0
2010-07-08 00:00:00,TLT,SLD,2702,ARCA,99.79,13.51
2010-07-21 00:00:00,IEI,BOT,2000,ARCA,116.06,10.0
2010-07-21 00:00:00,TLT,SLD,2681,ARCA,102.03,13.405
2010-07-22 00:00:00,IEI,SLD,2000,ARCA,115.85,10.0
2010-07-22 00:00:00,TLT,BOT,2681,ARCA,100.85,13.405
2010-07-23 00:00:00,IEI,SLD,2000,ARCA,115.56,10.0
2010-07-23 00:00:00,TLT,BOT,2730,ARCA,99.78,13.65
2010-07-26 00:00:00,IEI,BOT,2000,ARCA,115.53,10.0
2010-07-26 00:00:00,TLT,SLD,2730,ARCA,99.61,13.65
2010-07-30 00:00:00,IEI,BOT,2000,ARCA,116.38,10.0
2010-07-30 00:00:00,TLT,SLD,2730,ARCA,100.48,13.65
2010-08-02 00:00:00,IEI,SLD,2000,ARCA,115.94,10.0
2010-08-02 00:00:00,TLT,BOT,2730,ARCA,98.75,13.65
2010-08-06 00:00:00,IEI,BOT,2000,ARCA,116.73,10.0
2010-08-06 00:00:00,TLT,SLD,2745,ARCA,100.1,13.725
2010-08-09 00:00:00,IEI,SLD,2000,ARCA,116.62,10.0
2010-08-09 00:00:00,TLT,BOT,2745,ARCA,99.73,13.725
2010-08-11 00:00:00,IEI,BOT,2000,ARCA,117.27,10.0
2010-08-11 00:00:00,TLT,SLD,2725,ARCA,101.28,13.625
2010-08-12 00:00:00,IEI,SLD,2000,ARCA,117.01,10.0
2010-08-12 00:00:00,TLT,BOT,2725,ARCA,101.03,13.625
2010-08-13 00:00:00,IEI,BOT,2000,ARCA,117.19,10.0
2010-08-13 00:00:00,TLT,SLD,2696,ARCA,102.29,13.48
2010-08-17 00:00:00,IEI,SLD,2000,ARCA,117.35,10.0
2010-08-17 00:00:00,TLT,BOT,2696,ARCA,104.25,13.48
2010-08-19 00:00:00,IEI,BOT,2000,ARCA,117.46,10.0
2010-08-19 00:00:00,TLT,SLD,2604,ARCA,106.16,13.02
2010-08-20 00:00:00,IEI,SLD,2000,ARCA,117.19,10.0
2010-08-20 00:00:00,TLT,BOT,2604,ARCA,106.04,13.02
2010-08-24 00:00:00,IEI,BOT,2000,ARCA,117.84,10.0
2010-08-24 00:00:00,TLT,SLD,2573,ARCA,107.76,12.865
2010-08-25 00:00:00,IEI,SLD,2000,ARCA,117.53,10.0
2010-08-25 00:00:00,TLT,BOT,2573,ARCA,107.41,12.865
2010-08-27 00:00:00,IEI,SLD,2000,ARCA,117.04,10.0
2010-08-27 00:00:00,TLT,BOT,2614,ARCA,105.35,13.07
2010-08-30 00:00:00,IEI,BOT,2000,ARCA,117.65,10.0
2010-08-30 00:00:00,TLT,SLD,2614,ARCA,107.37,13.07
2010-08-31 00:00:00,IEI,BOT,2000,ARCA,117.86,10.0
2010-08-31 00:00:00,TLT,SLD,2555,ARCA,108.56,12.775
2010-09-01 00:00:00,IEI,SLD,2000,ARCA,117.31,10.0
2010-09-01 00:00:00,TLT,BOT,2555,ARCA,106.0,12.775
2010-09-02 00:00:00,IEI,SLD,2000,ARCA,117.15,10.0
2010-09-02 00:00:00,TLT,BOT,2624,ARCA,104.88,13.12
2010-09-07 00:00:00,IEI,BOT,2000,ARCA,117.3,10.0
2010-09-07 00:00:00,TLT,SLD,2624,ARCA,105.7,13.12
2010-09-09 00:00:00,IEI,SLD,2000,ARCA,116.5,10.0
2010-09-09 00:00:00,TLT,BOT,2663,ARCA,102.79,13.315
2010-09-10 00:00:00,IEI,BOT,2000,ARCA,116.35,10.0
2010-09-10 00:00:00,TLT,SLD,2663,ARCA,102.32,13.315
2010-09-15 00:00:00,IEI,SLD,2000,ARCA,117.06,10.0
2010-09-15 00:00:00,TLT,BOT,2689,ARCA,102.27,13.445
2010-09-17 00:00:00,IEI,BOT,2000,ARCA,117.09,10.0
2010-09-17 00:00:00,TLT,SLD,2689,ARCA,101.67,13.445
2010-09-21 00:00:00,IEI,BOT,2000,ARCA,117.88,10.0
2010-09-21 00:00:00,TLT,SLD,2671,ARCA,103.68,13.355
2010-09-23 00:00:00,IEI,SLD,2000,ARCA,117.94,10.0
2010-09-23 00:00:00,TLT,BOT,2671,ARCA,104.91,13.355
2010-09-24 00:00:00,IEI,SLD,2000,ARCA,117.7,10.0
2010-09-24 00:00:00,TLT,BOT,2671,ARCA,103.5,13.355
2010-09-27 00:00:00,IEI,BOT,2000,ARCA,118.13,10.0
2010-09-27 00:00:00,TLT,SLD,2671,ARCA,105.3,13.355
2010-10-06 00:00:00,IEI,BOT,2000,ARCA,118.74,10.0
2010-10-06 00:00:00,TLT,SLD,2637,ARCA,105.56,13.185
2010-10-07 00:00:00,IEI,SLD,2000,ARCA,118.86,10.0
2010-10-07 00:00:00,TLT,BOT,2637,ARCA,104.68,13.185
2010-10-12 00:00:00,IEI,SLD,2000,ARCA,118.8,10.0
2010-10-12 00:00:00,TLT,BOT,2698,ARCA,103.21,13.49
2010-10-13 00:00:00,IEI,BOT,2000,ARCA,118.91,10.0
2010-10-13 00:00:00,TLT,SLD,2698,ARCA,103.05,13.49
2010-10-14 00:00:00,IEI,SLD,2000,ARCA,118.55,10.0
2010-10-14 00:00:00,TLT,BOT,2738,ARCA,101.51,13.69
2010-10-18 00:00:00,IEI,BOT,2000,ARCA,118.87,10.0
2010-10-18 00:00:00,TLT,SLD,2738,ARCA,101.08,13.69
2010-10-21 00:00:00,IEI,SLD,2000,ARCA,118.75,10.0
2010-10-21 00:00:00,TLT,BOT,2764,ARCA,100.7,13.82
2010-10-22 00:00:00,IEI,BOT,2000,ARCA,118.68,10.0
2010-10-22 00:00:00,TLT,SLD,2764,ARCA,101.38,13.82
2010-10-26 00:00:00,IEI,SLD,2000,ARCA,118.18,10.0
2010-10-26 00:00:00,TLT,BOT,2767,ARCA,100.1,13.835
2010-10-27 00:00:00,IEI,BOT,2000,ARCA,117.83,10.0
2010-10-27 00:00:00,TLT,SLD,2767,ARCA,99.22,13.835
2010-11-02 00:00:00,IEI,BOT,2000,ARCA,118.7,10.0
2010-11-02 00:00:00,TLT,SLD,2751,ARCA,100.98,13.755
2010-11-03 00:00:00,IEI,SLD,2000,ARCA,119.03,10.0
2010-11-03 00:00:00,TLT,BOT,2751,ARCA,98.92,13.755
2010-11-05 00:00:00,IEI,SLD,2000,ARCA,119.08,10.0
2010-11-05 00:00:00,TLT,BOT,2844,ARCA,97.98,14.22
2010-11-08 00:00:00,IEI,BOT,2000,ARCA,119.02,10.0
2010-11-08 00:00:00,TLT,SLD,2844,ARCA,98.42,14.22
2010-11-09 00:00:00,IEI,SLD,2000,ARCA,118.37,10.0
2010-11-09 00:00:00,TLT,BOT,2877,ARCA,96.25,14.385
2010-11-10 00:00:00,IEI,BOT,2000,ARCA,118.6,10.0
2010-11-10 00:00:00,TLT,SLD,2877,ARCA,96.38,14.385
2010-11-15 00:00:00,IEI,SLD,2000,ARCA,117.03,10.0
2010-11-15 00:00:00,TLT,BOT,2919,ARCA,93.81,14.595
2010-11-16 00:00:00,IEI,BOT,2000,ARCA,117.32,10.0
2010-11-16 00:00:00,TLT,SLD,2919,ARCA,96.14,14.595
2010-11-24 00:00:00,IEI,SLD,2000,ARCA,116.93,10.0
2010-11-24 00:00:00,TLT,BOT,2857,ARCA,95.74,14.285
2010-11-26 00:00:00,IEI,BOT,2000,ARCA,117.15,10.0
2010-11-26 00:00:00,TLT,SLD,2857,ARCA,97.07,14.285
2010-11-29 00:00:00,IEI,BOT,2000,ARCA,117.21,10.0
2010-11-29 00:00:00,TLT,SLD,2801,ARCA,97.9,14.005
2010-11-30 00:00:00,IEI,SLD,2000,ARCA,117.42,10.0
2010-11-30 00:00:00,TLT,BOT,2801,ARCA,98.41,14.005
2010-12-01 00:00:00,IEI,SLD,2000,ARCA,116.47,10.0
2010-12-01 00:00:00,TLT,BOT,2836,ARCA,95.89,14.18
2010-12-02 00:00:00,IEI,BOT,2000,ARCA,116.2,10.0
2010-12-02 00:00:00,TLT,SLD,2836,ARCA,95.64,14.18
2010-12-03 00:00:00,IEI,SLD,2000,ARCA,116.43,10.0
2010-12-03 00:00:00,TLT,BOT,2865,ARCA,94.89,14.325
2010-12-06 00:00:00,IEI,BOT,2000,ARCA,116.87,10.0
2010-12-06 00:00:00,TLT,SLD,2865,ARCA,96.23,14.325
2010-12-07 00:00:00,IEI,SLD,2000,ARCA,115.93,10.0
2010-12-07 00:00:00,TLT,BOT,2874,ARCA,94.17,14.37
2010-12-08 00:00:00,IEI,BOT,2000,ARCA,115.2,10.0
2010-12-08 00:00:00,TLT,SLD,2874,ARCA,93.26,14.37
2010-12-14 00:00:00,IEI,SLD,2000,ARCA,114.31,10.0
2010-12-14 00:00:00,TLT,BOT,2896,ARCA,92.14,14.48
2010-12-16 00:00:00,IEI,BOT,2000,ARCA,114.36,10.0
2010-12-16 00:00:00,TLT,SLD,2896,ARCA,91.57,14.48
2010-12-17 00:00:00,IEI,BOT,2000,ARCA,114.87,10.0
2010-12-17 00:00:00,TLT,SLD,2876,ARCA,93.24,14.38
2010-12-20 00:00:00,IEI,SLD,2000,ARCA,114.93,10.0
2010-12-20 00:00:00,TLT,BOT,2876,ARCA,93.14,14.38
2010-12-27 00:00:00,IEI,BOT,2000,ARCA,114.59,10.0
2010-12-27 00:00:00,TLT,SLD,2853,ARCA,93.76,14.265
2010-12-28 00:00:00,IEI,SLD,2000,ARCA,113.82,10.0
2010-12-28 00:00:00,TLT,BOT,2853,ARCA,91.61,14.265
2010-12-29 00:00:00,IEI,BOT,2000,ARCA,114.64,10.0
2010-12-29 00:00:00,TLT,SLD,2868,ARCA,93.16,14.34
2010-12-30 00:00:00,IEI,SLD,2000,ARCA,114.46,10.0
2010-12-30 00:00:00,TLT,BOT,2868,ARCA,93.09,14.34
2010-12-31 00:00:00,IEI,BOT,2000,ARCA,114.65,10.0
2010-12-31 00:00:00,TLT,SLD,2839,ARCA,94.12,14.195
2011-01-03 00:00:00,IEI,SLD,2000,ARCA,114.71,10.0
2011-01-03 00:00:00,TLT,BOT,2839,ARCA,93.41,14.195
2011-01-05 00:00:00,IEI,SLD,2000,ARCA,114.14,10.0
2011-01-05 00:00:00,TLT,BOT,2908,ARCA,91.46,14.54
2011-01-06 00:00:00,IEI,BOT,2000,ARCA,114.39,10.0
2011-01-06 00:00:00,TLT,SLD,2908,ARCA,91.86,14.54
2011-01-20 00:00:00,IEI,SLD,2000,ARCA,114.73,10.0
2011-01-20 00:00:00,TLT,BOT,2944,ARCA,90.8,14.72
2011-01-21 00:00:00,IEI,BOT,2000,ARCA,114.9,10.0
2011-01-21 00:00:00,TLT,SLD,2944,ARCA,91.52,14.72
2011-01-26 00:00:00,IEI,SLD,2000,ARCA,114.98,10.0
2011-01-26 00:00:00,TLT,BOT,2943,ARCA,91.03,14.715
2011-01-27 00:00:00,IEI,BOT,2000,ARCA,115.22,10.0
2011-01-27 00:00:00,TLT,SLD,2943,ARCA,91.44,14.715
2011-02-10 00:00:00,IEI,SLD,2000,ARCA,113.07,10.0
2011-02-10 00:00:00,TLT,BOT,2981,ARCA,88.19,14.905
2011-02-11 00:00:00,IEI,BOT,2000,ARCA,113.26,10.0
2011-02-11 00:00:00,TLT,SLD,2981,ARCA,89.46,14.905
2011-02-22 00:00:00,IEI,BOT,2000,ARCA,114.48,10.0
2011-02-22 00:00:00,TLT,SLD,2931,ARCA,90.83,14.655
2011-02-23 00:00:00,IEI,SLD,2000,ARCA,114.32,10.0
2011-02-23 00:00:00,TLT,BOT,2931,ARCA,91.16,14.655
2011-03-02 00:00:00,IEI,SLD,2000,ARCA,114.33,10.0
2011-03-02 00:00:00,TLT,BOT,2918,ARCA,90.95,14.59
2011-03-03 00:00:00,IEI,BOT,2000,ARCA,113.69,10.0
2011-03-03 00:00:00,TLT,SLD,2918,ARCA,90.06,14.59
2011-03-09 00:00:00,IEI,BOT,2000,ARCA,114.42,10.0
2011-03-09 00:00:00,TLT,SLD,2933,ARCA,90.55,14.665
2011-03-11 00:00:00,IEI,SLD,2000,ARCA,114.99,10.0
2011-03-11 00:00:00,TLT,BOT,2933,ARCA,91.55,14.665
2011-03-15 00:00:00,IEI,BOT,2000,ARCA,115.34,10.0
2011-03-15 00:00:00,TLT,SLD,2883,ARCA,92.88,14.415
2011-03-16 00:00:00,IEI,SLD,2000,ARCA,115.99,10.0
2011-03-16 00:00:00,TLT,BOT,2883,ARCA,93.93,14.415
2011-04-06 00:00:00,IEI,SLD,2000,ARCA,113.68,10.0
2011-04-06 00:00:00,TLT,BOT,2907,ARCA,90.54,14.535
2011-04-07 00:00:00,IEI,BOT,2000,ARCA,113.89,10.0
2011-04-07 00:00:00,TLT,SLD,2907,ARCA,90.36,14.535
2011-04-15 00:00:00,IEI,BOT,2000,ARCA,114.74,10.0
2011-04-15 00:00:00,TLT,SLD,2867,ARCA,92.67,14.335
2011-04-18 00:00:00,IEI,SLD,2000,ARCA,115.07,10.0
2011-04-18 00:00:00,TLT,BOT,2867,ARCA,92.88,14.335
2011-04-26 00:00:00,IEI,BOT,2000,ARCA,115.37,10.0
2011-04-26 00:00:00,TLT,SLD,2846,ARCA,93.85,14.23
2011-04-27 00:00:00,IEI,SLD,2000,ARCA,115.35,10.0
2011-04-27 00:00:00,TLT,BOT,2846,ARCA,92.89,14.23
2011-05-13 00:00:00,IEI,BOT,2000,ARCA,116.4,10.0
2011-05-13 00:00:00,TLT,SLD,2827,ARCA,95.08,14.135
2011-05-16 00:00:00,IEI,SLD,2000,ARCA,116.6,10.0
2011-05-16 00:00:00,TLT,BOT,2827,ARCA,95.61,14.135
2011-05-17 00:00:00,IEI,BOT,2000,ARCA,116.74,10.0
2011-05-17 00:00:00,TLT,SLD,2791,ARCA,96.59,13.955
2011-05-18 00:00:00,IEI,SLD,2000,ARCA,116.4,10.0
2011-05-18 00:00:00,TLT,BOT,2791,ARCA,95.31,13.955
2011-06-01 00:00:00,IEI,BOT,2000,ARCA,117.78,10.0
2011-06-01 00:00:00,TLT,SLD,2780,ARCA,97.64,13.9
2011-06-02 00:00:00,IEI,SLD,2000,ARCA,117.41,10.0
2011-06-02 00:00:00,TLT,BOT,2780,ARCA,95.78,13.9
2011-06-06 00:00:00,IEI,SLD,2000,ARCA,117.73,10.0
2011-06-06 00:00:00,TLT,BOT,2838,ARCA,95.6,14.19
2011-06-07 00:00:00,IEI,BOT,2000,ARCA,117.92,10.0
2011-06-07 00:00:00,TLT,SLD,2838,ARCA,96.04,14.19
2011-06-14 00:00:00,IEI,SLD,2000,ARCA,117.29,10.0
2011-06-14 00:00:00,TLT,BOT,2839,ARCA,95.19,14.195
2011-06-15 00:00:00,IEI,BOT,2000,ARCA,118.02,10.0
2011-06-15 00:00:00,TLT,SLD,2839,ARCA,96.92,14.195
2011-06-24 00:00:00,IEI,SLD,2000,ARCA,118.79,10.0
2011-06-24 00:00:00,TLT,BOT,2823,ARCA,96.98,14.115
2011-06-28 00:00:00,IEI,BOT,2000,ARCA,117.79,10.0
2011-06-28 00:00:00,TLT,SLD,2823,ARCA,94.88,14.115
2011-07-08 00:00:00,IEI,BOT,2000,ARCA,117.85,10.0
2011-07-08 00:00:00,TLT,SLD,2842,ARCA,95.37,14.21
2011-07-12 00:00:00,IEI,SLD,2000,ARCA,118.53,10.0
2011-07-12 00:00:00,TLT,BOT,2842,ARCA,97.13,14.21
2011-07-14 00:00:00,IEI,SLD,2000,ARCA,118.31,10.0
2011-07-14 00:00:00,TLT,BOT,2834,ARCA,96.01,14.17
2011-07-15 00:00:00,IEI,BOT,2000,ARCA,118.6,10.0
2011-07-15 00:00:00,TLT,SLD,2834,ARCA,96.17,14.17
2011-07-18 00:00:00,IEI,SLD,2000,ARCA,118.59,10.0
2011-07-18 00:00:00,TLT,BOT,2864,ARCA,95.24,14.32
2011-07-19 00:00:00,IEI,BOT,2000,ARCA,118.74,10.0
2011-07-19 00:00:00,TLT,SLD,2864,ARCA,97.22,14.32
2011-07-20 00:00:00,IEI,SLD,2000,ARCA,118.46,10.0
2011-07-20 00:00:00,TLT,BOT,2836,ARCA,96.07,14.18
2011-07-21 00:00:00,IEI,BOT,2000,ARCA,118.17,10.0
2011-07-21 00:00:00,TLT,SLD,2836,ARCA,95.33,14.18
2011-07-25 00:00:00,IEI,SLD,2000,ARCA,118.18,10.0
2011-07-25 00:00:00,TLT,BOT,2861,ARCA,95.0,14.305
2011-07-26 00:00:00,IEI,BOT,2000,ARCA,118.45,10.0
2011-07-26 00:00:00,TLT,SLD,2861,ARCA,95.65,14.305
2011-07-29 00:00:00,IEI,BOT,2000,ARCA,119.29,10.0
2011-07-29 00:00:00,TLT,SLD,2802,ARCA,97.92,14.01
2011-08-03 00:00:00,IEI,SLD,2000,ARCA,119.74,10.0
2011-08-03 00:00:00,TLT,BOT,2802,ARCA,101.74,14.01
2011-08-04 00:00:00,IEI,BOT,2000,ARCA,120.48,10.0
2011-08-04 00:00:00,TLT,SLD,2625,ARCA,105.36,13.125
2011-08-05 00:00:00,IEI,SLD,2000,ARCA,119.76,10.0
2011-08-05 00:00:00,TLT,BOT,2625,ARCA,102.32,13.125
2011-08-08 00:00:00,IEI,BOT,2000,ARCA,120.47,10.0
2011-08-08 00:00:00,TLT,SLD,2619,ARCA,105.55,13.095
2011-08-09 00:00:00,IEI,SLD,2000,ARCA,120.98,10.0
2011-08-09 00:00:00,TLT,BOT,2619,ARCA,105.87,13.095
2011-08-10 00:00:00,IEI,BOT,2000,ARCA,121.56,10.0
2011-08-10 00:00:00,TLT,SLD,2559,ARCA,109.02,12.795
2011-08-11 00:00:00,IEI,SLD,2000,ARCA,120.91,10.0
2011-08-11 00:00:00,TLT,BOT,2559,ARCA,103.52,12.795
2011-08-12 00:00:00,IEI,BOT,2000,ARCA,121.23,10.0
2011-08-12 00:00:00,TLT,SLD,2634,ARCA,105.57,13.17
2011-08-15 00:00:00,IEI,SLD,2000,ARCA,121.02,10.0
2011-08-15 00:00:00,TLT,BOT,2634,ARCA,104.5,13.17
2011-08-16 00:00:00,IEI,BOT,2000,ARCA,121.3,10.0
2011-08-16 00:00:00,TLT,SLD,2619,ARCA,106.23,13.095
2011-08-22 00:00:00,IEI,SLD,2000,ARCA,121.5,10.0
2011-08-22 00:00:00,TLT,BOT,2619,ARCA,110.92,13.095
2011-08-23 00:00:00,IEI,SLD,2000,ARCA,121.31,10.0
2011-08-23 00:00:00,TLT,BOT,2544,ARCA,109.39,12.72
2011-08-25 00:00:00,IEI,BOT,2000,ARCA,121.19,10.0
2011-08-25 00:00:00,TLT,SLD,2544,ARCA,107.43,12.72
2011-08-29 00:00:00,IEI,SLD,2000,ARCA,121.18,10.0
2011-08-29 00:00:00,TLT,BOT,2598,ARCA,106.99,12.99
2011-08-30 00:00:00,IEI,BOT,2000,ARCA,121.4,10.0
2011-08-30 00:00:00,TLT,SLD,2598,ARCA,108.71,12.99
2011-08-31 00:00:00,IEI,SLD,2000,ARCA,121.28,10.0
2011-08-31 00:00:00,TLT,BOT,2599,ARCA,107.03,12.995
2011-09-01 00:00:00,IEI,BOT,2000,ARCA,121.53,10.0
2011-09-01 00:00:00,TLT,SLD,2599,ARCA,108.97,12.995
2011-09-02 00:00:00,IEI,BOT,2000,ARCA,121.7,10.0
2011-09-02 00:00:00,TLT,SLD,2476,ARCA,112.51,12.38
2011-09-07 00:00:00,IEI,SLD,2000,ARCA,121.54,10.0
2011-09-07 00:00:00,TLT,BOT,2476,ARCA,111.51,12.38
2011-09-13 00:00:00,IEI,SLD,2000,ARCA,121.66,10.0
2011-09-13 00:00:00,TLT,BOT,2482,ARCA,112.21,12.41
2011-09-14 00:00:00,IEI,BOT,2000,ARCA,121.6,10.0
2011-09-14 00:00:00,TLT,SLD,2482,ARCA,113.16,12.41
2011-09-15 00:00:00,IEI,SLD,2000,ARCA,121.37,10.0
2011-09-15 00:00:00,TLT,BOT,2493,ARCA,111.43,12.465
2011-09-16 00:00:00,IEI,BOT,2000,ARCA,121.4,10.0
2011-09-16 00:00:00,TLT,SLD,2493,ARCA,112.24,12.465
2011-09-19 00:00:00,IEI,BOT,2000,ARCA,121.87,10.0
2011-09-19 00:00:00,TLT,SLD,2439,ARCA,114.38,12.195
2011-09-20 00:00:00,IEI,SLD,2000,ARCA,121.89,10.0
2011-09-20 00:00:00,TLT,BOT,2439,ARCA,114.86,12.195
2011-09-21 00:00:00,IEI,BOT,2000,ARCA,121.87,10.0
2011-09-21 00:00:00,TLT,SLD,2351,ARCA,118.66,11.755
2011-09-23 00:00:00,IEI,SLD,2000,ARCA,121.84,10.0
2011-09-23 00:00:00,TLT,BOT,2351,ARCA,120.83,11.755
2011-09-26 00:00:00,IEI,SLD,2000,ARCA,121.62,10.0
2011-09-26 00:00:00,TLT,BOT,2341,ARCA,118.89,11.705
2011-09-28 00:00:00,IEI,BOT,2000,ARCA,121.34,10.0
2011-09-28 00:00:00,TLT,SLD,2341,ARCA,117.03,11.705
2011-09-30 00:00:00,IEI,BOT,2000,ARCA,121.48,10.0
2011-09-30 00:00:00,TLT,SLD,2301,ARCA,120.8,11.505
2011-10-04 00:00:00,IEI,SLD,2000,ARCA,121.57,10.0
2011-10-04 00:00:00,TLT,BOT,2301,ARCA,122.24,11.505
2011-10-06 00:00:00,IEI,SLD,2000,ARCA,121.02,10.0
2011-10-06 00:00:00,TLT,BOT,2321,ARCA,119.12,11.605
2011-10-07 00:00:00,IEI,BOT,2000,ARCA,120.68,10.0
2011-10-07 00:00:00,TLT,SLD,2321,ARCA,118.24,11.605
2011-10-10 00:00:00,IEI,SLD,2000,ARCA,120.34,10.0
2011-10-10 00:00:00,TLT,BOT,2359,ARCA,116.57,11.795
2011-10-11 00:00:00,IEI,BOT,2000,ARCA,120.35,10.0
2011-10-11 00:00:00,TLT,SLD,2359,ARCA,116.18,11.795
2011-10-12 00:00:00,IEI,SLD,2000,ARCA,120.27,10.0
2011-10-12 00:00:00,TLT,BOT,2400,ARCA,114.49,12.0
2011-10-13 00:00:00,IEI,BOT,2000,ARCA,120.51,10.0
2011-10-13 00:00:00,TLT,SLD,2400,ARCA,115.63,12.0
2011-10-14 00:00:00,IEI,SLD,2000,ARCA,120.42,10.0
2011-10-14 00:00:00,TLT,BOT,2414,ARCA,113.95,12.07
2011-10-17 00:00:00,IEI,BOT,2000,ARCA,120.65,10.0
2011-10-17 00:00:00,TLT,SLD,2414,ARCA,115.92,12.07
2011-10-21 00:00:00,IEI,SLD,2000,ARCA,120.68,10.0
2011-10-21 00:00:00,TLT,BOT,2437,ARCA,113.13,12.185
2011-10-24 00:00:00,IEI,BOT,2000,ARCA,120.6,10.0
2011-10-24 00:00:00,TLT,SLD,2437,ARCA,113.32,12.185
2011-10-25 00:00:00,IEI,BOT,2000,ARCA,121.12,10.0
2011-10-25 00:00:00,TLT,SLD,2381,ARCA,116.2,11.905
2011-10-26 00:00:00,IEI,SLD,2000,ARCA,120.7,10.0
2011-10-26 00:00:00,TLT,BOT,2381,ARCA,114.17,11.905
2011-10-27 00:00:00,IEI,SLD,2000,ARCA,120.14,10.0
2011-10-27 00:00:00,TLT,BOT,2488,ARCA,110.3,12.44
2011-10-28 00:00:00,IEI,BOT,2000,ARCA,120.52,10.0
2011-10-28 00:00:00,TLT,SLD,2488,ARCA,111.46,12.44
2011-10-31 00:00:00,IEI,BOT,2000,ARCA,121.31,10.0
2011-10-31 00:00:00,TLT,SLD,2391,ARCA,115.88,11.955
2011-11-02 00:00:00,IEI,SLD,2000,ARCA,121.63,10.0
2011-11-02 00:00:00,TLT,BOT,2391,ARCA,117.96,11.955
2011-11-03 00:00:00,IEI,SLD,2000,ARCA,121.47,10.0
2011-11-03 00:00:00,TLT,BOT,2381,ARCA,116.34,11.905
2011-11-04 00:00:00,IEI,BOT,2000,ARCA,121.56,10.0
2011-11-04 00:00:00,TLT,SLD,2381,ARCA,116.48,11.905
2011-11-08 00:00:00,IEI,SLD,2000,ARCA,121.41,10.0
2011-11-08 00:00:00,TLT,BOT,2393,ARCA,115.72,11.965
2011-11-09 00:00:00,IEI,BOT,2000,ARCA,121.68,10.0
2011-11-09 00:00:00,TLT,SLD,2393,ARCA,118.12,11.965
2011-11-10 00:00:00,IEI,SLD,2000,ARCA,121.56,10.0
2011-11-10 00:00:00,TLT,BOT,2382,ARCA,116.36,11.91
2011-11-11 00:00:00,IEI,BOT,2000,ARCA,121.34,10.0
2011-11-11 00:00:00,TLT,SLD,2382,ARCA,115.65,11.91
2011-11-14 00:00:00,IEI,BOT,2000,ARCA,121.64,10.0
2011-11-14 00:00:00,TLT,SLD,2361,ARCA,117.51,11.805
2011-11-15 00:00:00,IEI,SLD,2000,ARCA,121.55,10.0
2011-11-15 00:00:00,TLT,BOT,2361,ARCA,117.35,11.805
2011-11-22 00:00:00,IEI,BOT,2000,ARCA,121.75,10.0
2011-11-22 00:00:00,TLT,SLD,2287,ARCA,121.39,11.435
2011-11-23 00:00:00,IEI,SLD,2000,ARCA,121.88,10.0
2011-11-23 00:00:00,TLT,BOT,2287,ARCA,122.58,11.435
2011-11-25 00:00:00,IEI,SLD,2000,ARCA,121.66,10.0
2011-11-25 00:00:00,TLT,BOT,2296,ARCA,120.8,11.48
2011-11-28 00:00:00,IEI,BOT,2000,ARCA,121.68,10.0
2011-11-28 00:00:00,TLT,SLD,2296,ARCA,120.74,11.48
2011-11-30 00:00:00,IEI,SLD,2000,ARCA,121.43,10.0
2011-11-30 00:00:00,TLT,BOT,2349,ARCA,117.88,11.745
2011-12-01 00:00:00,IEI,BOT,2000,ARCA,121.31,10.0
2011-12-01 00:00:00,TLT,SLD,2349,ARCA,117.0,11.745
2011-12-02 00:00:00,IEI,BOT,2000,ARCA,121.55,10.0
2011-12-02 00:00:00,TLT,SLD,2333,ARCA,118.64,11.665
2011-12-05 00:00:00,IEI,SLD,2000,ARCA,121.47,10.0
2011-12-05 00:00:00,TLT,BOT,2333,ARCA,118.4,11.665
2011-12-06 00:00:00,IEI,SLD,2000,ARCA,121.45,10.0
2011-12-06 00:00:00,TLT,BOT,2358,ARCA,117.27,11.79
2011-12-07 00:00:00,IEI,BOT,2000,ARCA,121.67,10.0
2011-12-07 00:00:00,TLT,SLD,2358,ARCA,117.69,11.79
2011-12-08 00:00:00,IEI,BOT,2000,ARCA,121.91,10.0
2011-12-08 00:00:00,TLT,SLD,2330,ARCA,119.16,11.65
2011-12-09 00:00:00,IEI,SLD,2000,ARCA,121.71,10.0
2011-12-09 00:00:00,TLT,BOT,2330,ARCA,116.71,11.65
2011-12-12 00:00:00,IEI,BOT,2000,ARCA,121.82,10.0
2011-12-12 00:00:00,TLT,SLD,2350,ARCA,118.01,11.75
2011-12-13 00:00:00,IEI,SLD,2000,ARCA,121.93,10.0
2011-12-13 00:00:00,TLT,BOT,2350,ARCA,119.11,11.75
2011-12-14 00:00:00,IEI,BOT,2000,ARCA,122.0,10.0
2011-12-14 00:00:00,TLT,SLD,2289,ARCA,121.36,11.445
2011-12-15 00:00:00,IEI,SLD,2000,ARCA,121.91,10.0
2011-12-15 00:00:00,TLT,BOT,2289,ARCA,120.91,11.445
2011-12-16 00:00:00,IEI,BOT,2000,ARCA,122.23,10.0
2011-12-16 00:00:00,TLT,SLD,2275,ARCA,122.32,11.375
2011-12-20 00:00:00,IEI,SLD,2000,ARCA,121.93,10.0
2011-12-20 00:00:00,TLT,BOT,2275,ARCA,120.78,11.375
2011-12-21 00:00:00,IEI,SLD,2000,ARCA,121.69,10.0
2011-12-21 00:00:00,TLT,BOT,2326,ARCA,119.1,11.63
2011-12-22 00:00:00,IEI,BOT,2000,ARCA,121.74,10.0
2011-12-22 00:00:00,TLT,SLD,2326,ARCA,119.6,11.63
2011-12-23 00:00:00,IEI,SLD,2000,ARCA,121.45,10.0
2011-12-23 00:00:00,TLT,BOT,2338,ARCA,118.27,11.69
2011-12-27 00:00:00,IEI,BOT,2000,ARCA,121.34,10.0
2011-12-27 00:00:00,TLT,SLD,2338,ARCA,118.45,11.69
2011-12-28 00:00:00,IEI,BOT,2000,ARCA,121.66,10.0
2011-12-28 00:00:00,TLT,SLD,2291,ARCA,120.64,11.455
2011-12-29 00:00:00,IEI,SLD,2000,ARCA,121.76,10.0
2011-12-29 00:00:00,TLT,BOT,2291,ARCA,120.86,11.455
2012-01-03 00:00:00,IEI,SLD,2000,ARCA,121.68,10.0
2012-01-03 00:00:00,TLT,BOT,2314,ARCA,119.43,11.57
2012-01-05 00:00:00,IEI,BOT,2000,ARCA,121.67,10.0
2012-01-05 00:00:00,TLT,SLD,2314,ARCA,117.8,11.57
2012-01-11 00:00:00,IEI,BOT,2000,ARCA,122.09,10.0
2012-01-11 00:00:00,TLT,SLD,2314,ARCA,119.86,11.57
2012-01-12 00:00:00,IEI,SLD,2000,ARCA,122.03,10.0
2012-01-12 00:00:00,TLT,BOT,2314,ARCA,119.69,11.57
2012-01-18 00:00:00,IEI,SLD,2000,ARCA,122.22,10.0
2012-01-18 00:00:00,TLT,BOT,2314,ARCA,119.97,11.57
2012-01-23 00:00:00,IEI,BOT,2000,ARCA,121.64,10.0
2012-01-23 00:00:00,TLT,SLD,2314,ARCA,116.24,11.57
2012-01-26 00:00:00,IEI,BOT,2000,ARCA,122.47,10.0
2012-01-26 00:00:00,TLT,SLD,2363,ARCA,117.71,11.815
2012-01-27 00:00:00,IEI,SLD,2000,ARCA,122.55,10.0
2012-01-27 00:00:00,TLT,BOT,2363,ARCA,118.08,11.815
2012-01-30 00:00:00,IEI,BOT,2000,ARCA,122.67,10.0
2012-01-30 00:00:00,TLT,SLD,2332,ARCA,119.47,11.66
2012-02-01 00:00:00,IEI,SLD,2000,ARCA,122.57,10.0
2012-02-01 00:00:00,TLT,BOT,2332,ARCA,119.18,11.66
2012-02-03 00:00:00,IEI,SLD,2000,ARCA,122.27,10.0
2012-02-03 00:00:00,TLT,BOT,2379,ARCA,116.57,11.895
2012-02-06 00:00:00,IEI,BOT,2000,ARCA,122.41,10.0
2012-02-06 00:00:00,TLT,SLD,2379,ARCA,117.73,11.895
2012-02-07 00:00:00,IEI,SLD,2000,ARCA,122.11,10.0
2012-02-07 00:00:00,TLT,BOT,2382,ARCA,116.27,11.91
2012-02-08 00:00:00,IEI,BOT,2000,ARCA,122.09,10.0
2012-02-08 00:00:00,TLT,SLD,2382,ARCA,116.36,11.91
2012-02-10 00:00:00,IEI,BOT,2000,ARCA,122.19,10.0
2012-02-10 00:00:00,TLT,SLD,2369,ARCA,116.99,11.845
2012-02-13 00:00:00,IEI,SLD,2000,ARCA,122.07,10.0
2012-02-13 00:00:00,TLT,BOT,2369,ARCA,117.14,11.845
2012-02-21 00:00:00,IEI,SLD,2000,ARCA,121.64,10.0
2012-02-21 00:00:00,TLT,BOT,2393,ARCA,115.29,11.965
2012-02-22 00:00:00,IEI,BOT,2000,ARCA,121.92,10.0
2012-02-22 00:00:00,TLT,SLD,2393,ARCA,116.74,11.965
2012-03-01 00:00:00,IEI,SLD,2000,ARCA,121.69,10.0
2012-03-01 00:00:00,TLT,BOT,2374,ARCA,116.06,11.87
2012-03-02 00:00:00,IEI,BOT,2000,ARCA,122.04,10.0
2012-03-02 00:00:00,TLT,SLD,2374,ARCA,117.15,11.87
2012-03-06 00:00:00,IEI,BOT,2000,ARCA,122.11,10.0
2012-03-06 00:00:00,TLT,SLD,2351,ARCA,117.63,11.755
2012-03-07 00:00:00,IEI,SLD,2000,ARCA,122.0,10.0
2012-03-07 00:00:00,TLT,BOT,2351,ARCA,116.91,11.755
2012-03-08 00:00:00,IEI,SLD,2000,ARCA,121.82,10.0
2012-03-08 00:00:00,TLT,BOT,2383,ARCA,115.74,11.915
2012-03-09 00:00:00,IEI,BOT,2000,ARCA,121.81,10.0
2012-03-09 00:00:00,TLT,SLD,2383,ARCA,115.97,11.915
2012-03-13 00:00:00,IEI,SLD,2000,ARCA,121.24,10.0
2012-03-13 00:00:00,TLT,BOT,2410,ARCA,113.91,12.05
2012-03-15 00:00:00,IEI,BOT,2000,ARCA,120.68,10.0
2012-03-15 00:00:00,TLT,SLD,2410,ARCA,111.21,12.05
2012-03-19 00:00:00,IEI,SLD,2000,ARCA,120.21,10.0
2012-03-19 00:00:00,TLT,BOT,2472,ARCA,110.1,12.36
2012-03-20 00:00:00,IEI,BOT,2000,ARCA,120.12,10.0
2012-03-20 00:00:00,TLT,SLD,2472,ARCA,110.54,12.36
2012-03-21 00:00:00,IEI,BOT,2000,ARCA,120.47,10.0
2012-03-21 00:00:00,TLT,SLD,2440,ARCA,111.79,12.2
2012-03-22 00:00:00,IEI,SLD,2000,ARCA,120.59,10.0
2012-03-22 00:00:00,TLT,BOT,2440,ARCA,112.15,12.2
2012-03-30 00:00:00,IEI,SLD,2000,ARCA,121.1,10.0
2012-03-30 00:00:00,TLT,BOT,2444,ARCA,112.2,12.22
2012-04-02 00:00:00,IEI,BOT,2000,ARCA,121.12,10.0
2012-04-02 00:00:00,TLT,SLD,2444,ARCA,112.53,12.22
2012-04-03 00:00:00,IEI,SLD,2000,ARCA,120.66,10.0
2012-04-03 00:00:00,TLT,BOT,2466,ARCA,110.58,12.33
2012-04-04 00:00:00,IEI,BOT,2000,ARCA,120.96,10.0
2012-04-04 00:00:00,TLT,SLD,2466,ARCA,112.1,12.33
2012-04-09 00:00:00,IEI,BOT,2000,ARCA,121.8,10.0
2012-04-09 00:00:00,TLT,SLD,2382,ARCA,115.55,11.91
2012-04-11 00:00:00,IEI,SLD,2000,ARCA,121.91,10.0
2012-04-11 00:00:00,TLT,BOT,2382,ARCA,115.46,11.91
2012-04-13 00:00:00,IEI,BOT,2000,ARCA,122.04,10.0
2012-04-13 00:00:00,TLT,SLD,2361,ARCA,116.84,11.805
2012-04-16 00:00:00,IEI,SLD,2000,ARCA,122.12,10.0
2012-04-16 00:00:00,TLT,BOT,2361,ARCA,116.67,11.805
2012-05-14 00:00:00,IEI,BOT,2000,ARCA,122.87,10.0
2012-05-14 00:00:00,TLT,SLD,2288,ARCA,121.17,11.44
2012-05-15 00:00:00,IEI,SLD,2000,ARCA,122.79,10.0
2012-05-15 00:00:00,TLT,BOT,2288,ARCA,121.66,11.44
2012-05-17 00:00:00,IEI,BOT,2000,ARCA,122.83,10.0
2012-05-17 00:00:00,TLT,SLD,2232,ARCA,124.17,11.16
2012-05-18 00:00:00,IEI,SLD,2000,ARCA,122.81,10.0
2012-05-18 00:00:00,TLT,BOT,2232,ARCA,124.2,11.16
2012-05-22 00:00:00,IEI,SLD,2000,ARCA,122.69,10.0
2012-05-22 00:00:00,TLT,BOT,2259,ARCA,122.56,11.295
2012-05-23 00:00:00,IEI,BOT,2000,ARCA,122.8,10.0
2012-05-23 00:00:00,TLT,SLD,2259,ARCA,123.41,11.295
2012-05-30 00:00:00,IEI,BOT,2000,ARCA,123.16,10.0
2012-05-30 00:00:00,TLT,SLD,2203,ARCA,126.14,11.015
2012-06-04 00:00:00,IEI,SLD,2000,ARCA,123.11,10.0
2012-06-04 00:00:00,TLT,BOT,2203,ARCA,129.33,11.015
2012-06-05 00:00:00,IEI,SLD,2000,ARCA,123.08,10.0
2012-06-05 00:00:00,TLT,BOT,2174,ARCA,127.6,10.87
2012-06-07 00:00:00,IEI,BOT,2000,ARCA,122.88,10.0
2012-06-07 00:00:00,TLT,SLD,2174,ARCA,125.24,10.87
2012-06-19 00:00:00,IEI,SLD,2000,ARCA,122.96,10.0
2012-06-19 00:00:00,TLT,BOT,2209,ARCA,125.42,11.045
2012-06-20 00:00:00,IEI,BOT,2000,ARCA,122.75,10.0
2012-06-20 00:00:00,TLT,SLD,2209,ARCA,126.04,11.045
2012-06-22 00:00:00,IEI,SLD,2000,ARCA,122.7,10.0
2012-06-22 00:00:00,TLT,BOT,2211,ARCA,125.02,11.055
2012-06-25 00:00:00,IEI,BOT,2000,ARCA,122.93,10.0
2012-06-25 00:00:00,TLT,SLD,2211,ARCA,126.84,11.055
2012-06-29 00:00:00,IEI,SLD,2000,ARCA,123.0,10.0
2012-06-29 00:00:00,TLT,BOT,2214,ARCA,125.2,11.07
2012-07-02 00:00:00,IEI,BOT,2000,ARCA,123.11,10.0
2012-07-02 00:00:00,TLT,SLD,2214,ARCA,126.22,11.07
2012-07-20 00:00:00,IEI,BOT,2000,ARCA,123.74,10.0
2012-07-20 00:00:00,TLT,SLD,2141,ARCA,130.06,10.705
2012-07-23 00:00:00,IEI,SLD,2000,ARCA,123.82,10.0
2012-07-23 00:00:00,TLT,BOT,2141,ARCA,130.79,10.705
2012-07-27 00:00:00,IEI,SLD,2000,ARCA,123.42,10.0
2012-07-27 00:00:00,TLT,BOT,2161,ARCA,128.48,10.805
2012-07-30 00:00:00,IEI,BOT,2000,ARCA,123.62,10.0
2012-07-30 00:00:00,TLT,SLD,2161,ARCA,129.44,10.805
2012-08-03 00:00:00,IEI,SLD,2000,ARCA,123.3,10.0
2012-08-03 00:00:00,TLT,BOT,2174,ARCA,127.42,10.87
2012-08-06 00:00:00,IEI,BOT,2000,ARCA,123.38,10.0
2012-08-06 00:00:00,TLT,SLD,2174,ARCA,127.47,10.87
2012-08-07 00:00:00,IEI,SLD,2000,ARCA,123.09,10.0
2012-08-07 00:00:00,TLT,BOT,2198,ARCA,125.83,10.99
2012-08-08 00:00:00,IEI,BOT,2000,ARCA,122.95,10.0
2012-08-08 00:00:00,TLT,SLD,2198,ARCA,125.16,10.99
2012-08-14 00:00:00,IEI,SLD,2000,ARCA,122.88,10.0
2012-08-14 00:00:00,TLT,BOT,2230,ARCA,123.79,11.15
2012-08-16 00:00:00,IEI,BOT,2000,ARCA,122.47,10.0
2012-08-16 00:00:00,TLT,SLD,2230,ARCA,121.01,11.15
2012-08-22 00:00:00,IEI,BOT,2000,ARCA,123.11,10.0
2012-08-22 00:00:00,TLT,SLD,2223,ARCA,124.41,11.115
2012-08-23 00:00:00,IEI,SLD,2000,ARCA,123.21,10.0
2012-08-23 00:00:00,TLT,BOT,2223,ARCA,124.93,11.115
2012-08-31 00:00:00,IEI,BOT,2000,ARCA,123.82,10.0
2012-08-31 00:00:00,TLT,SLD,2178,ARCA,127.72,10.89
2012-09-04 00:00:00,IEI,SLD,2000,ARCA,123.57,10.0
2012-09-04 00:00:00,TLT,BOT,2178,ARCA,127.32,10.89
2012-09-06 00:00:00,IEI,SLD,2000,ARCA,123.26,10.0
2012-09-06 00:00:00,TLT,BOT,2219,ARCA,124.61,11.095
2012-09-07 00:00:00,IEI,BOT,2000,ARCA,123.4,10.0
2012-09-07 00:00:00,TLT,SLD,2219,ARCA,124.03,11.095
2012-09-12 00:00:00,IEI,SLD,2000,ARCA,123.17,10.0
2012-09-12 00:00:00,TLT,BOT,2264,ARCA,122.01,11.32
2012-09-13 00:00:00,IEI,BOT,2000,ARCA,123.41,10.0
2012-09-13 00:00:00,TLT,SLD,2264,ARCA,121.53,11.32
2012-09-14 00:00:00,IEI,SLD,2000,ARCA,122.98,10.0
2012-09-14 00:00:00,TLT,BOT,2331,ARCA,118.3,11.655
2012-09-17 00:00:00,IEI,BOT,2000,ARCA,123.0,10.0
2012-09-17 00:00:00,TLT,SLD,2331,ARCA,119.72,11.655
2012-09-25 00:00:00,IEI,BOT,2000,ARCA,123.47,10.0
2012-09-25 00:00:00,TLT,SLD,2238,ARCA,123.71,11.19
2012-09-26 00:00:00,IEI,SLD,2000,ARCA,123.7,10.0
2012-09-26 00:00:00,TLT,BOT,2238,ARCA,125.04,11.19
2012-10-04 00:00:00,IEI,SLD,2000,ARCA,123.59,10.0
2012-10-04 00:00:00,TLT,BOT,2255,ARCA,122.74,11.275
2012-10-08 00:00:00,IEI,BOT,2000,ARCA,123.56,10.0
2012-10-08 00:00:00,TLT,SLD,2255,ARCA,122.17,11.275
2012-10-16 00:00:00,IEI,SLD,2000,ARCA,123.3,10.0
2012-10-16 00:00:00,TLT,BOT,2263,ARCA,121.98,11.315
2012-10-17 00:00:00,IEI,BOT,2000,ARCA,122.92,10.0
2012-10-17 00:00:00,TLT,SLD,2263,ARCA,120.85,11.315
2012-10-19 00:00:00,IEI,BOT,2000,ARCA,123.0,10.0
2012-10-19 00:00:00,TLT,SLD,2262,ARCA,121.74,11.31
2012-10-22 00:00:00,IEI,SLD,2000,ARCA,122.8,10.0
2012-10-22 00:00:00,TLT,BOT,2262,ARCA,120.96,11.31
2012-10-23 00:00:00,IEI,BOT,2000,ARCA,123.01,10.0
2012-10-23 00:00:00,TLT,SLD,2245,ARCA,122.69,11.225
2012-10-24 00:00:00,IEI,SLD,2000,ARCA,122.99,10.0
2012-10-24 00:00:00,TLT,BOT,2245,ARCA,121.48,11.225
2012-10-26 00:00:00,IEI,BOT,2000,ARCA,123.03,10.0
2012-10-26 00:00:00,TLT,SLD,2246,ARCA,122.64,11.23
2012-10-31 00:00:00,IEI,SLD,2000,ARCA,123.25,10.0
2012-10-31 00:00:00,TLT,BOT,2246,ARCA,123.36,11.23
2012-11-07 00:00:00,IEI,BOT,2000,ARCA,123.46,10.0
2012-11-07 00:00:00,TLT,SLD,2229,ARCA,124.0,11.145
2012-11-09 00:00:00,IEI,SLD,2000,ARCA,123.66,10.0
2012-11-09 00:00:00,TLT,BOT,2229,ARCA,125.98,11.145
2012-12-12 00:00:00,IEI,SLD,2000,ARCA,123.6,10.0
2012-12-12 00:00:00,TLT,BOT,2254,ARCA,122.59,11.27
2012-12-13 00:00:00,IEI,BOT,2000,ARCA,123.42,10.0
2012-12-13 00:00:00,TLT,SLD,2254,ARCA,122.68,11.27
2012-12-17 00:00:00,IEI,SLD,2000,ARCA,123.22,10.0
2012-12-17 00:00:00,TLT,BOT,2262,ARCA,121.75,11.31
2012-12-18 00:00:00,IEI,BOT,2000,ARCA,123.0,10.0
2012-12-18 00:00:00,TLT,SLD,2262,ARCA,120.51,11.31
2012-12-21 00:00:00,IEI,BOT,2000,ARCA,123.24,10.0
2012-12-21 00:00:00,TLT,SLD,2253,ARCA,122.25,11.265
2012-12-24 00:00:00,IEI,SLD,2000,ARCA,123.19,10.0
2012-12-24 00:00:00,TLT,BOT,2253,ARCA,122.03,11.265
2012-12-31 00:00:00,IEI,SLD,2000,ARCA,123.22,10.0
2012-12-31 00:00:00,TLT,BOT,2269,ARCA,121.18,11.345
2013-01-04 00:00:00,IEI,BOT,2000,ARCA,122.86,10.0
2013-01-04 00:00:00,TLT,SLD,2269,ARCA,118.4,11.345
2013-01-25 00:00:00,IEI,SLD,2000,ARCA,122.79,10.0
2013-01-25 00:00:00,TLT,BOT,2321,ARCA,118.03,11.605
2013-01-28 00:00:00,IEI,BOT,2000,ARCA,122.69,10.0
2013-01-28 00:00:00,TLT,SLD,2321,ARCA,117.6,11.605
2013-02-01 00:00:00,IEI,SLD,2000,ARCA,122.56,10.0
2013-02-01 00:00:00,TLT,BOT,2362,ARCA,115.54,11.81
2013-02-04 00:00:00,IEI,BOT,2000,ARCA,122.89,10.0
2013-02-04 00:00:00,TLT,SLD,2362,ARCA,117.02,11.81
2013-02-25 00:00:00,IEI,BOT,2000,ARCA,123.38,10.0
2013-02-25 00:00:00,TLT,SLD,2303,ARCA,119.33,11.515
2013-02-26 00:00:00,IEI,SLD,2000,ARCA,123.34,10.0
2013-02-26 00:00:00,TLT,BOT,2303,ARCA,118.64,11.515
2013-03-08 00:00:00,IEI,SLD,2000,ARCA,122.67,10.0
2013-03-08 00:00:00,TLT,BOT,2376,ARCA,114.75,11.88
2013-03-11 00:00:00,IEI,BOT,2000,ARCA,122.69,10.0
2013-03-11 00:00:00,TLT,SLD,2376,ARCA,114.86,11.88
2013-03-20 00:00:00,IEI,SLD,2000,ARCA,123.18,10.0
2013-03-20 00:00:00,TLT,BOT,2358,ARCA,116.12,11.79
2013-03-21 00:00:00,IEI,BOT,2000,ARCA,123.26,10.0
2013-03-21 00:00:00,TLT,SLD,2358,ARCA,117.24,11.79
2013-04-04 00:00:00,IEI,BOT,2000,ARCA,123.87,10.0
2013-04-04 00:00:00,TLT,SLD,2284,ARCA,120.39,11.42
2013-04-08 00:00:00,IEI,SLD,2000,ARCA,123.79,10.0
2013-04-08 00:00:00,TLT,BOT,2284,ARCA,121.88,11.42
2013-04-10 00:00:00,IEI,SLD,2000,ARCA,123.63,10.0
2013-04-10 00:00:00,TLT,BOT,2288,ARCA,119.91,11.44
2013-04-11 00:00:00,IEI,BOT,2000,ARCA,123.7,10.0
2013-04-11 00:00:00,TLT,SLD,2288,ARCA,120.14,11.44
2013-04-12 00:00:00,IEI,BOT,2000,ARCA,123.91,10.0
2013-04-12 00:00:00,TLT,SLD,2255,ARCA,121.93,11.275
2013-04-15 00:00:00,IEI,SLD,2000,ARCA,123.99,10.0
2013-04-15 00:00:00,TLT,BOT,2255,ARCA,122.99,11.275
2013-05-01 00:00:00,IEI,BOT,2000,ARCA,124.19,10.0
2013-05-01 00:00:00,TLT,SLD,2219,ARCA,124.01,11.095
2013-05-02 00:00:00,IEI,SLD,2000,ARCA,124.23,10.0
2013-05-02 00:00:00,TLT,BOT,2219,ARCA,123.85,11.095
2013-05-03 00:00:00,IEI,SLD,2000,ARCA,123.78,10.0
2013-05-03 00:00:00,TLT,BOT,2267,ARCA,120.93,11.335
2013-05-06 00:00:00,IEI,BOT,2000,ARCA,123.74,10.0
2013-05-06 00:00:00,TLT,SLD,2267,ARCA,120.63,11.335
2013-05-14 00:00:00,IEI,SLD,2000,ARCA,123.17,10.0
2013-05-14 00:00:00,TLT,BOT,2341,ARCA,116.56,11.705
2013-05-15 00:00:00,IEI,BOT,2000,ARCA,123.28,10.0
2013-05-15 00:00:00,TLT,SLD,2341,ARCA,117.34,11.705
2013-05-17 00:00:00,IEI,SLD,2000,ARCA,123.3,10.0
2013-05-17 00:00:00,TLT,BOT,2333,ARCA,117.06,11.665
2013-05-20 00:00:00,IEI,BOT,2000,ARCA,123.27,10.0
2013-05-20 00:00:00,TLT,SLD,2333,ARCA,116.92,11.665
2013-05-22 00:00:00,IEI,SLD,2000,ARCA,122.97,10.0
2013-05-22 00:00:00,TLT,BOT,2346,ARCA,116.09,11.73
2013-05-23 00:00:00,IEI,BOT,2000,ARCA,123.01,10.0
2013-05-23 00:00:00,TLT,SLD,2346,ARCA,116.64,11.73
2013-05-28 00:00:00,IEI,SLD,2000,ARCA,122.38,10.0
2013-05-28 00:00:00,TLT,BOT,2381,ARCA,113.84,11.905
2013-05-29 00:00:00,IEI,BOT,2000,ARCA,122.52,10.0
2013-05-29 00:00:00,TLT,SLD,2381,ARCA,115.12,11.905
2013-06-05 00:00:00,IEI,BOT,2000,ARCA,122.42,10.0
2013-06-05 00:00:00,TLT,SLD,2347,ARCA,115.29,11.735
2013-06-06 00:00:00,IEI,SLD,2000,ARCA,122.46,10.0
2013-06-06 00:00:00,TLT,BOT,2347,ARCA,115.22,11.735
2013-06-07 00:00:00,IEI,SLD,2000,ARCA,122.08,10.0
2013-06-07 00:00:00,TLT,BOT,2384,ARCA,113.16,11.92
2013-06-10 00:00:00,IEI,BOT,2000,ARCA,121.93,10.0
2013-06-10 00:00:00,TLT,SLD,2384,ARCA,112.62,11.92
2013-06-11 00:00:00,IEI,BOT,2000,ARCA,122.02,10.0
2013-06-11 00:00:00,TLT,SLD,2366,ARCA,113.96,11.83
2013-06-12 00:00:00,IEI,SLD,2000,ARCA,121.79,10.0
2013-06-12 00:00:00,TLT,BOT,2366,ARCA,112.33,11.83
2013-06-13 00:00:00,IEI,BOT,2000,ARCA,122.21,10.0
2013-06-13 00:00:00,TLT,SLD,2367,ARCA,114.09,11.835
2013-06-14 00:00:00,IEI,SLD,2000,ARCA,122.37,10.0
2013-06-14 00:00:00,TLT,BOT,2367,ARCA,113.82,11.835
2013-06-20 00:00:00,IEI,SLD,2000,ARCA,121.1,10.0
2013-06-20 00:00:00,TLT,BOT,2427,ARCA,110.27,12.135
2013-06-24 00:00:00,IEI,BOT,2000,ARCA,120.22,10.0
2013-06-24 00:00:00,TLT,SLD,2427,ARCA,108.85,12.135
2013-06-25 00:00:00,IEI,SLD,2000,ARCA,120.21,10.0
2013-06-25 00:00:00,TLT,BOT,2462,ARCA,107.88,12.31
2013-06-26 00:00:00,IEI,BOT,2000,ARCA,120.45,10.0
2013-06-26 00:00:00,TLT,SLD,2462,ARCA,108.58,12.31
2013-07-05 00:00:00,IEI,SLD,2000,ARCA,119.69,10.0
2013-07-05 00:00:00,TLT,BOT,2484,ARCA,106.26,12.42
2013-07-08 00:00:00,IEI,BOT,2000,ARCA,120.16,10.0
2013-07-08 00:00:00,TLT,SLD,2484,ARCA,107.29,12.42
2013-07-18 00:00:00,IEI,SLD,2000,ARCA,120.99,10.0
2013-07-18 00:00:00,TLT,BOT,2482,ARCA,107.5,12.41
2013-07-19 00:00:00,IEI,BOT,2000,ARCA,121.23,10.0
2013-07-19 00:00:00,TLT,SLD,2482,ARCA,109.2,12.41
2013-07-24 00:00:00,IEI,SLD,2000,ARCA,120.86,10.0
2013-07-24 00:00:00,TLT,BOT,2479,ARCA,107.52,12.395
2013-07-25 00:00:00,IEI,BOT,2000,ARCA,120.99,10.0
2013-07-25 00:00:00,TLT,SLD,2479,ARCA,107.48,12.395
2013-08-01 00:00:00,IEI,SLD,2000,ARCA,120.37,10.0
2013-08-01 00:00:00,TLT,BOT,2514,ARCA,105.36,12.57
2013-08-02 00:00:00,IEI,BOT,2000,ARCA,121.01,10.0
2013-08-02 00:00:00,TLT,SLD,2514,ARCA,106.52,12.57
2013-08-13 00:00:00,IEI,SLD,2000,ARCA,120.5,10.0
2013-08-13 00:00:00,TLT,BOT,2526,ARCA,104.99,12.63
2013-08-14 00:00:00,IEI,BOT,2000,ARCA,120.52,10.0
2013-08-14 00:00:00,TLT,SLD,2526,ARCA,105.15,12.63
2013-08-15 00:00:00,IEI,SLD,2000,ARCA,120.27,10.0
2013-08-15 00:00:00,TLT,BOT,2551,ARCA,103.73,12.755
2013-08-16 00:00:00,IEI,BOT,2000,ARCA,120.05,10.0
2013-08-16 00:00:00,TLT,SLD,2551,ARCA,103.37,12.755
2013-08-22 00:00:00,IEI,BOT,2000,ARCA,119.52,10.0
2013-08-22 00:00:00,TLT,SLD,2549,ARCA,103.17,12.745
2013-08-26 00:00:00,IEI,SLD,2000,ARCA,119.98,10.0
2013-08-26 00:00:00,TLT,BOT,2549,ARCA,104.81,12.745
2013-08-27 00:00:00,IEI,BOT,2000,ARCA,120.27,10.0
2013-08-27 00:00:00,TLT,SLD,2494,ARCA,106.13,12.47
2013-08-28 00:00:00,IEI,SLD,2000,ARCA,120.03,10.0
2013-08-28 00:00:00,TLT,BOT,2494,ARCA,105.27,12.47
2013-09-03 00:00:00,IEI,SLD,2000,ARCA,119.63,10.0
2013-09-03 00:00:00,TLT,BOT,2520,ARCA,104.22,12.6
2013-09-04 00:00:00,IEI,BOT,2000,ARCA,119.31,10.0
2013-09-04 00:00:00,TLT,SLD,2520,ARCA,103.99,12.6
2013-09-05 00:00:00,IEI,SLD,2000,ARCA,118.78,10.0
2013-09-05 00:00:00,TLT,BOT,2543,ARCA,102.54,12.715
2013-09-06 00:00:00,IEI,BOT,2000,ARCA,119.24,10.0
2013-09-06 00:00:00,TLT,SLD,2543,ARCA,103.05,12.715
2013-09-16 00:00:00,IEI,SLD,2000,ARCA,119.9,10.0
2013-09-16 00:00:00,TLT,BOT,2560,ARCA,102.86,12.8
2013-09-17 00:00:00,IEI,BOT,2000,ARCA,120.03,10.0
2013-09-17 00:00:00,TLT,SLD,2560,ARCA,103.71,12.8
2013-09-24 00:00:00,IEI,BOT,2000,ARCA,121.02,10.0
2013-09-24 00:00:00,TLT,SLD,2488,ARCA,106.83,12.44
2013-09-25 00:00:00,IEI,SLD,2000,ARCA,121.2,10.0
2013-09-25 00:00:00,TLT,BOT,2488,ARCA,107.05,12.44
2013-10-16 00:00:00,IEI,BOT,2000,ARCA,121.25,10.0
2013-10-16 00:00:00,TLT,SLD,2511,ARCA,105.85,12.555
2013-10-17 00:00:00,IEI,SLD,2000,ARCA,121.53,10.0
2013-10-17 00:00:00,TLT,BOT,2511,ARCA,106.81,12.555
2013-10-22 00:00:00,IEI,BOT,2000,ARCA,121.83,10.0
2013-10-22 00:00:00,TLT,SLD,2475,ARCA,107.89,12.375
2013-10-23 00:00:00,IEI,SLD,2000,ARCA,121.88,10.0
2013-10-23 00:00:00,TLT,BOT,2475,ARCA,108.31,12.375
2013-11-01 00:00:00,IEI,SLD,2000,ARCA,121.42,10.0
2013-11-01 00:00:00,TLT,BOT,2501,ARCA,106.19,12.505
2013-11-04 00:00:00,IEI,BOT,2000,ARCA,121.56,10.0
2013-11-04 00:00:00,TLT,SLD,2501,ARCA,106.29,12.505
2013-11-05 00:00:00,IEI,SLD,2000,ARCA,121.39,10.0
2013-11-05 00:00:00,TLT,BOT,2529,ARCA,105.02,12.645
2013-11-06 00:00:00,IEI,BOT,2000,ARCA,121.65,10.0
2013-11-06 00:00:00,TLT,SLD,2529,ARCA,105.07,12.645
2013-11-08 00:00:00,IEI,SLD,2000,ARCA,121.2,10.0
2013-11-08 00:00:00,TLT,BOT,2564,ARCA,103.41,12.82
2013-11-11 00:00:00,IEI,BOT,2000,ARCA,121.17,10.0
2013-11-11 00:00:00,TLT,SLD,2564,ARCA,103.02,12.82
2013-11-20 00:00:00,IEI,SLD,2000,ARCA,121.53,10.0
2013-11-20 00:00:00,TLT,BOT,2586,ARCA,102.78,12.93
2013-11-21 00:00:00,IEI,BOT,2000,ARCA,121.57,10.0
2013-11-21 00:00:00,TLT,SLD,2586,ARCA,102.95,12.93
2013-11-22 00:00:00,IEI,BOT,2000,ARCA,121.66,10.0
2013-11-22 00:00:00,TLT,SLD,2561,ARCA,103.91,12.805
2013-11-25 00:00:00,IEI,SLD,2000,ARCA,121.73,10.0
2013-11-25 00:00:00,TLT,BOT,2561,ARCA,104.21,12.805
2013-12-20 00:00:00,IEI,BOT,2000,ARCA,120.45,10.0
2013-12-20 00:00:00,TLT,SLD,2521,ARCA,104.25,12.605
2013-12-23 00:00:00,IEI,SLD,2000,ARCA,120.33,10.0
2013-12-23 00:00:00,TLT,BOT,2521,ARCA,103.66,12.605
2014-01-23 00:00:00,IEI,BOT,2000,ARCA,120.84,10.0
2014-01-23 00:00:00,TLT,SLD,2463,ARCA,106.79,12.315
2014-01-24 00:00:00,IEI,SLD,2000,ARCA,121.08,10.0
2014-01-24 00:00:00,TLT,BOT,2463,ARCA,107.48,12.315
2014-02-03 00:00:00,IEI,BOT,2000,ARCA,121.82,10.0
2014-02-03 00:00:00,TLT,SLD,2421,ARCA,109.32,12.105
2014-02-04 00:00:00,IEI,SLD,2000,ARCA,121.68,10.0
2014-02-04 00:00:00,TLT,BOT,2421,ARCA,108.16,12.105
2014-03-04 00:00:00,IEI,SLD,2000,ARCA,121.4,10.0
2014-03-04 00:00:00,TLT,BOT,2452,ARCA,107.39,12.26
2014-03-05 00:00:00,IEI,BOT,2000,ARCA,121.44,10.0
2014-03-05 00:00:00,TLT,SLD,2452,ARCA,107.62,12.26
2014-03-13 00:00:00,IEI,BOT,2000,ARCA,121.54,10.0
2014-03-13 00:00:00,TLT,SLD,2430,ARCA,108.5,12.15
2014-03-14 00:00:00,IEI,SLD,2000,ARCA,121.55,10.0
2014-03-14 00:00:00,TLT,BOT,2430,ARCA,108.52,12.15
2014-03-21 00:00:00,IEI,BOT,2000,ARCA,120.63,10.0
2014-03-21 00:00:00,TLT,SLD,2417,ARCA,108.23,12.085
2014-03-24 00:00:00,IEI,SLD,2000,ARCA,120.52,10.0
2014-03-24 00:00:00,TLT,BOT,2417,ARCA,109.0,12.085
2014-05-01 00:00:00,IEI,BOT,2000,ARCA,121.19,10.0
2014-05-01 00:00:00,TLT,SLD,2339,ARCA,112.02,11.695
2014-05-02 00:00:00,IEI,SLD,2000,ARCA,121.13,10.0
2014-05-02 00:00:00,TLT,BOT,2339,ARCA,112.71,11.695
2014-05-28 00:00:00,IEI,BOT,2000,ARCA,122.31,10.0
2014-05-28 00:00:00,TLT,SLD,2305,ARCA,114.76,11.525
2014-05-29 00:00:00,IEI,SLD,2000,ARCA,122.22,10.0
2014-05-29 00:00:00,TLT,BOT,2305,ARCA,114.15,11.525
2014-06-03 00:00:00,IEI,SLD,2000,ARCA,121.43,10.0
2014-06-03 00:00:00,TLT,BOT,2349,ARCA,111.57,11.745
2014-06-04 00:00:00,IEI,BOT,2000,ARCA,121.44,10.0
2014-06-04 00:00:00,TLT,SLD,2349,ARCA,111.54,11.745
2014-06-19 00:00:00,IEI,SLD,2000,ARCA,121.28,10.0
2014-06-19 00:00:00,TLT,BOT,2359,ARCA,110.96,11.795
2014-06-20 00:00:00,IEI,BOT,2000,ARCA,121.25,10.0
2014-06-20 00:00:00,TLT,SLD,2359,ARCA,111.8,11.795
2014-06-24 00:00:00,IEI,BOT,2000,ARCA,121.38,10.0
2014-06-24 00:00:00,TLT,SLD,2327,ARCA,112.58,11.635
2014-06-25 00:00:00,IEI,SLD,2000,ARCA,121.52,10.0
2014-06-25 00:00:00,TLT,BOT,2327,ARCA,112.87,11.635
2014-07-08 00:00:00,IEI,BOT,2000,ARCA,121.3,10.0
2014-07-08 00:00:00,TLT,SLD,2319,ARCA,112.74,11.595
2014-07-09 00:00:00,IEI,SLD,2000,ARCA,121.37,10.0
2014-07-09 00:00:00,TLT,BOT,2319,ARCA,112.83,11.595
2014-07-17 00:00:00,IEI,BOT,2000,ARCA,121.69,10.0
2014-07-17 00:00:00,TLT,SLD,2283,ARCA,114.89,11.415
2014-07-18 00:00:00,IEI,SLD,2000,ARCA,121.49,10.0
2014-07-18 00:00:00,TLT,BOT,2283,ARCA,114.52,11.415
2014-07-25 00:00:00,IEI,BOT,2000,ARCA,121.48,10.0
2014-07-25 00:00:00,TLT,SLD,2263,ARCA,115.67,11.315
2014-07-28 00:00:00,IEI,SLD,2000,ARCA,121.41,10.0
2014-07-28 00:00:00,TLT,BOT,2263,ARCA,115.51,11.315
2014-07-30 00:00:00,IEI,SLD,2000,ARCA,121.07,10.0
2014-07-30 00:00:00,TLT,BOT,2282,ARCA,114.32,11.41
2014-07-31 00:00:00,IEI,BOT,2000,ARCA,121.11,10.0
2014-07-31 00:00:00,TLT,SLD,2282,ARCA,113.98,11.41
2014-08-15 00:00:00,IEI,BOT,2000,ARCA,122.21,10.0
2014-08-15 00:00:00,TLT,SLD,2234,ARCA,117.71,11.17
2014-08-18 00:00:00,IEI,SLD,2000,ARCA,122.08,10.0
2014-08-18 00:00:00,TLT,BOT,2234,ARCA,116.54,11.17
2014-09-02 00:00:00,IEI,SLD,2000,ARCA,121.56,10.0
2014-09-02 00:00:00,TLT,BOT,2237,ARCA,116.73,11.185
2014-09-03 00:00:00,IEI,BOT,2000,ARCA,121.64,10.0
2014-09-03 00:00:00,TLT,SLD,2237,ARCA,117.38,11.185
2014-09-04 00:00:00,IEI,SLD,2000,ARCA,121.48,10.0
2014-09-04 00:00:00,TLT,BOT,2251,ARCA,115.95,11.255
2014-09-05 00:00:00,IEI,BOT,2000,ARCA,121.58,10.0
2014-09-05 00:00:00,TLT,SLD,2251,ARCA,115.73,11.255
2014-09-12 00:00:00,IEI,SLD,2000,ARCA,120.93,10.0
2014-09-12 00:00:00,TLT,BOT,2291,ARCA,113.38,11.455
2014-09-15 00:00:00,IEI,BOT,2000,ARCA,121.06,10.0
2014-09-15 00:00:00,TLT,SLD,2291,ARCA,113.55,11.455
2014-09-19 00:00:00,IEI,BOT,2000,ARCA,120.94,10.0
2014-09-19 00:00:00,TLT,SLD,2267,ARCA,114.6,11.335
2014-09-22 00:00:00,IEI,SLD,2000,ARCA,121.16,10.0
2014-09-22 00:00:00,TLT,BOT,2267,ARCA,114.74,11.335
2014-09-25 00:00:00,IEI,BOT,2000,ARCA,121.4,10.0
2014-09-25 00:00:00,TLT,SLD,2245,ARCA,116.17,11.225
2014-09-26 00:00:00,IEI,SLD,2000,ARCA,121.19,10.0
2014-09-26 00:00:00,TLT,BOT,2245,ARCA,116.0,11.225
2014-10-01 00:00:00,IEI,BOT,2000,ARCA,121.73,10.0
2014-10-01 00:00:00,TLT,SLD,2209,ARCA,118.23,11.045
2014-10-02 00:00:00,IEI,SLD,2000,ARCA,121.59,10.0
2014-10-02 00:00:00,TLT,BOT,2209,ARCA,117.2,11.045
2014-10-07 00:00:00,IEI,BOT,2000,ARCA,122.02,10.0
2014-10-07 00:00:00,TLT,SLD,2193,ARCA,119.36,10.965
2014-10-08 00:00:00,IEI,SLD,2000,ARCA,122.46,10.0
2014-10-08 00:00:00,TLT,BOT,2193,ARCA,119.39,10.965
2014-12-08 00:00:00,IEI,BOT,2000,ARCA,122.15,10.0
2014-12-08 00:00:00,TLT,SLD,2132,ARCA,122.57,10.66
2014-12-09 00:00:00,IEI,SLD,2000,ARCA,122.39,10.0
2014-12-09 00:00:00,TLT,BOT,2132,ARCA,123.2,10.66
2014-12-18 00:00:00,IEI,SLD,2000,ARCA,122.19,10.0
2014-12-18 00:00:00,TLT,BOT,2105,ARCA,124.2,10.525
2014-12-19 00:00:00,IEI,BOT,2000,ARCA,122.34,10.0
2014-12-19 00:00:00,TLT,SLD,2105,ARCA,125.87,10.525
2014-12-23 00:00:00,IEI,SLD,2000,ARCA,121.88,10.0
2014-12-23 00:00:00,TLT,BOT,2111,ARCA,123.54,10.555
2014-12-24 00:00:00,IEI,BOT,2000,ARCA,121.75,10.0
2014-12-24 00:00:00,TLT,SLD,2111,ARCA,123.95,10.555
2015-01-05 00:00:00,IEI,BOT,2000,ARCA,122.86,10.0
2015-01-05 00:00:00,TLT,SLD,2030,ARCA,129.32,10.15
2015-01-07 00:00:00,IEI,SLD,2000,ARCA,123.35,10.0
2015-01-07 00:00:00,TLT,BOT,2030,ARCA,131.39,10.15
2015-01-08 00:00:00,IEI,SLD,2000,ARCA,123.2,10.0
2015-01-08 00:00:00,TLT,BOT,2031,ARCA,129.65,10.155
2015-01-09 00:00:00,IEI,BOT,2000,ARCA,123.56,10.0
2015-01-09 00:00:00,TLT,SLD,2031,ARCA,131.07,10.155
2015-01-20 00:00:00,IEI,BOT,2000,ARCA,124.44,10.0
2015-01-20 00:00:00,TLT,SLD,1971,ARCA,134.96,9.855
2015-01-21 00:00:00,IEI,SLD,2000,ARCA,124.16,10.0
2015-01-21 00:00:00,TLT,BOT,1971,ARCA,133.4,9.855
2015-01-23 00:00:00,IEI,BOT,2000,ARCA,124.35,10.0
2015-01-23 00:00:00,TLT,SLD,1972,ARCA,134.77,9.86
2015-01-26 00:00:00,IEI,SLD,2000,ARCA,124.16,10.0
2015-01-26 00:00:00,TLT,BOT,1972,ARCA,134.36,9.86
2015-01-28 00:00:00,IEI,BOT,2000,ARCA,124.73,10.0
2015-01-28 00:00:00,TLT,SLD,1949,ARCA,136.77,9.745
2015-01-29 00:00:00,IEI,SLD,2000,ARCA,124.55,10.0
2015-01-29 00:00:00,TLT,BOT,1949,ARCA,135.87,9.745
2015-01-30 00:00:00,IEI,BOT,2000,ARCA,125.14,10.0
2015-01-30 00:00:00,TLT,SLD,1934,ARCA,138.28,9.67
2015-02-02 00:00:00,IEI,SLD,2000,ARCA,124.93,10.0
2015-02-02 00:00:00,TLT,BOT,1934,ARCA,137.48,9.67
2015-02-03 00:00:00,IEI,SLD,2000,ARCA,124.42,10.0
2015-02-03 00:00:00,TLT,BOT,1974,ARCA,134.57,9.87
2015-02-04 00:00:00,IEI,BOT,2000,ARCA,124.49,10.0
2015-02-04 00:00:00,TLT,SLD,1974,ARCA,134.8,9.87
2015-02-17 00:00:00,IEI,SLD,2000,ARCA,122.64,10.0
2015-02-17 00:00:00,TLT,BOT,2073,ARCA,126.26,10.365
2015-02-18 00:00:00,IEI,BOT,2000,ARCA,123.08,10.0
2015-02-18 00:00:00,TLT,SLD,2073,ARCA,127.01,10.365
2015-03-02 00:00:00,IEI,SLD,2000,ARCA,122.79,10.0
2015-03-02 00:00:00,TLT,BOT,2064,ARCA,126.87,10.32
2015-03-03 00:00:00,IEI,BOT,2000,ARCA,122.64,10.0
2015-03-03 00:00:00,TLT,SLD,2064,ARCA,126.41,10.32
2015-03-06 00:00:00,IEI,SLD,2000,ARCA,122.17,10.0
2015-03-06 00:00:00,TLT,BOT,2109,ARCA,123.5,10.545
2015-03-09 00:00:00,IEI,BOT,2000,ARCA,122.47,10.0
2015-03-09 00:00:00,TLT,SLD,2109,ARCA,124.64,10.545
2015-03-10 00:00:00,IEI,BOT,2000,ARCA,122.7,10.0
2015-03-10 00:00:00,TLT,SLD,2072,ARCA,126.28,10.36
2015-03-11 00:00:00,IEI,SLD,2000,ARCA,122.77,10.0
2015-03-11 00:00:00,TLT,BOT,2072,ARCA,127.2,10.36
2015-03-18 00:00:00,IEI,BOT,2000,ARCA,123.97,10.0
2015-03-18 00:00:00,TLT,SLD,2010,ARCA,131.49,10.05
2015-03-19 00:00:00,IEI,SLD,2000,ARCA,123.52,10.0
2015-03-19 00:00:00,TLT,BOT,2010,ARCA,130.82,10.05
2015-03-26 00:00:00,IEI,SLD,2000,ARCA,123.65,10.0
2015-03-26 00:00:00,TLT,BOT,2037,ARCA,129.45,10.185
2015-03-27 00:00:00,IEI,BOT,2000,ARCA,123.86,10.0
2015-03-27 00:00:00,TLT,SLD,2037,ARCA,131.06,10.185
2015-04-01 00:00:00,IEI,BOT,2000,ARCA,124.29,10.0
2015-04-01 00:00:00,TLT,SLD,2004,ARCA,132.13,10.02
2015-04-02 00:00:00,IEI,SLD,2000,ARCA,124.2,10.0
2015-04-02 00:00:00,TLT,BOT,2004,ARCA,130.73,10.02
2015-04-09 00:00:00,IEI,SLD,2000,ARCA,124.02,10.0
2015-04-09 00:00:00,TLT,BOT,2041,ARCA,129.43,10.205
2015-04-10 00:00:00,IEI,BOT,2000,ARCA,123.98,10.0
2015-04-10 00:00:00,TLT,SLD,2041,ARCA,129.62,10.205
2015-04-17 00:00:00,IEI,BOT,2000,ARCA,124.52,10.0
2015-04-17 00:00:00,TLT,SLD,2018,ARCA,131.45,10.09
2015-04-20 00:00:00,IEI,SLD,2000,ARCA,124.48,10.0
2015-04-20 00:00:00,TLT,BOT,2018,ARCA,130.29,10.09
2015-04-22 00:00:00,IEI,SLD,2000,ARCA,124.02,10.0
2015-04-22 00:00:00,TLT,BOT,2068,ARCA,127.72,10.34
2015-04-23 00:00:00,IEI,BOT,2000,ARCA,124.2,10.0
2015-04-23 00:00:00,TLT,SLD,2068,ARCA,128.27,10.34
2015-04-28 00:00:00,IEI,SLD,2000,ARCA,124.05,10.0
2015-04-28 00:00:00,TLT,BOT,2076,ARCA,127.29,10.38
2015-04-30 00:00:00,IEI,BOT,2000,ARCA,123.9,10.0
2015-04-30 00:00:00,TLT,SLD,2076,ARCA,125.95,10.38
2015-05-01 00:00:00,IEI,SLD,2000,ARCA,123.37,10.0
2015-05-01 00:00:00,TLT,BOT,2117,ARCA,124.0,10.585
2015-05-04 00:00:00,IEI,BOT,2000,ARCA,123.34,10.0
2015-05-04 00:00:00,TLT,SLD,2117,ARCA,122.83,10.585
2015-05-06 00:00:00,IEI,SLD,2000,ARCA,122.98,10.0
2015-05-06 00:00:00,TLT,BOT,2170,ARCA,120.56,10.85
2015-05-07 00:00:00,IEI,BOT,2000,ARCA,123.12,10.0
2015-05-07 00:00:00,TLT,SLD,2170,ARCA,122.18,10.85
2015-05-11 00:00:00,IEI,SLD,2000,ARCA,122.98,10.0
2015-05-11 00:00:00,TLT,BOT,2189,ARCA,119.53,10.945
2015-05-12 00:00:00,IEI,BOT,2000,ARCA,123.03,10.0
2015-05-12 00:00:00,TLT,SLD,2189,ARCA,119.84,10.945
2015-05-15 00:00:00,IEI,BOT,2000,ARCA,123.66,10.0
2015-05-15 00:00:00,TLT,SLD,2163,ARCA,121.59,10.815
2015-05-18 00:00:00,IEI,SLD,2000,ARCA,123.32,10.0
2015-05-18 00:00:00,TLT,BOT,2163,ARCA,119.55,10.815
2015-05-21 00:00:00,IEI,BOT,2000,ARCA,123.45,10.0
2015-05-21 00:00:00,TLT,SLD,2182,ARCA,120.35,10.91
2015-05-22 00:00:00,IEI,SLD,2000,ARCA,123.29,10.0
2015-05-22 00:00:00,TLT,BOT,2182,ARCA,120.4,10.91
2015-05-26 00:00:00,IEI,BOT,2000,ARCA,123.48,10.0
2015-05-26 00:00:00,TLT,SLD,2145,ARCA,122.46,10.725
2015-05-27 00:00:00,IEI,SLD,2000,ARCA,123.46,10.0
2015-05-27 00:00:00,TLT,BOT,2145,ARCA,122.74,10.725
2015-06-02 00:00:00,IEI,SLD,2000,ARCA,122.92,10.0
2015-06-02 00:00:00,TLT,BOT,2187,ARCA,119.44,10.935
2015-06-04 00:00:00,IEI,BOT,2000,ARCA,122.69,10.0
2015-06-04 00:00:00,TLT,SLD,2187,ARCA,119.05,10.935
2015-06-11 00:00:00,IEI,BOT,2000,ARCA,122.33,10.0
2015-06-11 00:00:00,TLT,SLD,2203,ARCA,117.95,11.015
2015-06-12 00:00:00,IEI,SLD,2000,ARCA,122.28,10.0
2015-06-12 00:00:00,TLT,BOT,2203,ARCA,117.95,11.015
2015-06-17 00:00:00,IEI,SLD,2000,ARCA,122.9,10.0
2015-06-17 00:00:00,TLT,BOT,2210,ARCA,118.15,11.05
2015-06-18 00:00:00,IEI,BOT,2000,ARCA,122.88,10.0
2015-06-18 00:00:00,TLT,SLD,2210,ARCA,117.57,11.05
2015-06-19 00:00:00,IEI,BOT,2000,ARCA,123.19,10.0
2015-06-19 00:00:00,TLT,SLD,2198,ARCA,119.08,10.99
2015-06-22 00:00:00,IEI,SLD,2000,ARCA,122.71,10.0
2015-06-22 00:00:00,TLT,BOT,2198,ARCA,116.65,10.99
2015-06-26 00:00:00,IEI,SLD,2000,ARCA,122.33,10.0
2015-06-26 00:00:00,TLT,BOT,2255,ARCA,115.23,11.275
2015-06-29 00:00:00,IEI,BOT,2000,ARCA,123.04,10.0
2015-06-29 00:00:00,TLT,SLD,2255,ARCA,118.28,11.275
2015-07-01 00:00:00,IEI,SLD,2000,ARCA,122.49,10.0
2015-07-01 00:00:00,TLT,BOT,2247,ARCA,115.62,11.235
2015-07-02 00:00:00,IEI,BOT,2000,ARCA,122.85,10.0
2015-07-02 00:00:00,TLT,SLD,2247,ARCA,116.0,11.235
2015-07-06 00:00:00,IEI,BOT,2000,ARCA,123.27,10.0
2015-07-06 00:00:00,TLT,SLD,2213,ARCA,118.15,11.065
2015-07-07 00:00:00,IEI,SLD,2000,ARCA,123.41,10.0
2015-07-07 00:00:00,TLT,BOT,2213,ARCA,119.26,11.065
2015-07-09 00:00:00,IEI,SLD,2000,ARCA,123.21,10.0
2015-07-09 00:00:00,TLT,BOT,2216,ARCA,117.92,11.08
2015-07-13 00:00:00,IEI,BOT,2000,ARCA,122.56,10.0
2015-07-13 00:00:00,TLT,SLD,2216,ARCA,115.69,11.08
2015-07-23 00:00:00,IEI,BOT,2000,ARCA,123.06,10.0
2015-07-23 00:00:00,TLT,SLD,2155,ARCA,121.09,10.775
2015-07-24 00:00:00,IEI,SLD,2000,ARCA,123.13,10.0
2015-07-24 00:00:00,TLT,BOT,2155,ARCA,121.39,10.775
2015-08-03 00:00:00,IEI,BOT,2000,ARCA,123.6,10.0
2015-08-03 00:00:00,TLT,SLD,2120,ARCA,123.55,10.6
2015-08-04 00:00:00,IEI,SLD,2000,ARCA,123.14,10.0
2015-08-04 00:00:00,TLT,BOT,2120,ARCA,122.57,10.6
2015-08-07 00:00:00,IEI,BOT,2000,ARCA,123.3,10.0
2015-08-07 00:00:00,TLT,SLD,2101,ARCA,124.34,10.505
2015-08-10 00:00:00,IEI,SLD,2000,ARCA,123.13,10.0
2015-08-10 00:00:00,TLT,BOT,2101,ARCA,122.8,10.505
2015-08-11 00:00:00,IEI,BOT,2000,ARCA,123.58,10.0
2015-08-11 00:00:00,TLT,SLD,2099,ARCA,124.75,10.495
2015-08-12 00:00:00,IEI,SLD,2000,ARCA,123.64,10.0
2015-08-12 00:00:00,TLT,BOT,2099,ARCA,124.07,10.495
2015-08-25 00:00:00,IEI,SLD,2000,ARCA,124.08,10.0
2015-08-25 00:00:00,TLT,BOT,2114,ARCA,124.33,10.57
2015-08-27 00:00:00,IEI,BOT,2000,ARCA,123.73,10.0
2015-08-27 00:00:00,TLT,SLD,2114,ARCA,122.0,10.57
2015-09-08 00:00:00,IEI,SLD,2000,ARCA,123.52,10.0
2015-09-08 00:00:00,TLT,BOT,2162,ARCA,120.87,10.81
2015-09-09 00:00:00,IEI,BOT,2000,ARCA,123.58,10.0
2015-09-09 00:00:00,TLT,SLD,2162,ARCA,121.45,10.81
2015-09-15 00:00:00,IEI,SLD,2000,ARCA,123.22,10.0
2015-09-15 00:00:00,TLT,BOT,2186,ARCA,119.25,10.93
2015-09-16 00:00:00,IEI,BOT,2000,ARCA,123.2,10.0
2015-09-16 00:00:00,TLT,SLD,2186,ARCA,118.8,10.93
2015-09-18 00:00:00,IEI,BOT,2000,ARCA,124.15,10.0
2015-09-18 00:00:00,TLT,SLD,2152,ARCA,122.1,10.76
2015-09-21 00:00:00,IEI,SLD,2000,ARCA,123.83,10.0
2015-09-21 00:00:00,TLT,BOT,2152,ARCA,120.11,10.76
2015-09-22 00:00:00,IEI,BOT,2000,ARCA,124.15,10.0
2015-09-22 00:00:00,TLT,SLD,2157,ARCA,121.78,10.785
2015-09-23 00:00:00,IEI,SLD,2000,ARCA,124.06,10.0
2015-09-23 00:00:00,TLT,BOT,2157,ARCA,121.77,10.785
2015-09-28 00:00:00,IEI,BOT,2000,ARCA,124.35,10.0
2015-09-28 00:00:00,TLT,SLD,2128,ARCA,123.62,10.64
2015-09-29 00:00:00,IEI,SLD,2000,ARCA,124.56,10.0
2015-09-29 00:00:00,TLT,BOT,2128,ARCA,123.97,10.64
2015-10-05 00:00:00,IEI,SLD,2000,ARCA,124.66,10.0
2015-10-05 00:00:00,TLT,BOT,2145,ARCA,122.87,10.725
2015-10-06 00:00:00,IEI,BOT,2000,ARCA,124.76,10.0
2015-10-06 00:00:00,TLT,SLD,2145,ARCA,123.4,10.725
2015-10-29 00:00:00,IEI,SLD,2000,ARCA,123.85,10.0
2015-10-29 00:00:00,TLT,BOT,2148,ARCA,121.86,10.74
2015-10-30 00:00:00,IEI,BOT,2000,ARCA,123.91,10.0
2015-10-30 00:00:00,TLT,SLD,2148,ARCA,122.78,10.74
2015-11-06 00:00:00,IEI,SLD,2000,ARCA,122.63,10.0
2015-11-06 00:00:00,TLT,BOT,2175,ARCA,119.0,10.875
2015-11-09 00:00:00,IEI,BOT,2000,ARCA,122.52,10.0
2015-11-09 00:00:00,TLT,SLD,2175,ARCA,118.33,10.875
2015-12-01 00:00:00,IEI,BOT,2000,ARCA,123.43,10.0
2015-12-01 00:00:00,TLT,SLD,2119,ARCA,122.83,10.595
2015-12-02 00:00:00,IEI,SLD,2000,ARCA,123.19,10.0
2015-12-02 00:00:00,TLT,BOT,2119,ARCA,122.87,10.595
2015-12-03 00:00:00,IEI,SLD,2000,ARCA,122.64,10.0
2015-12-03 00:00:00,TLT,BOT,2164,ARCA,119.53,10.82
2015-12-04 00:00:00,IEI,BOT,2000,ARCA,122.81,10.0
2015-12-04 00:00:00,TLT,SLD,2164,ARCA,120.58,10.82
2015-12-11 00:00:00,IEI,BOT,2000,ARCA,123.59,10.0
2015-12-11 00:00:00,TLT,SLD,2106,ARCA,123.76,10.53
2015-12-14 00:00:00,IEI,SLD,2000,ARCA,123.12,10.0
2015-12-14 00:00:00,TLT,BOT,2106,ARCA,122.16,10.53
2015-12-17 00:00:00,IEI,BOT,2000,ARCA,122.86,10.0
2015-12-17 00:00:00,TLT,SLD,2114,ARCA,122.55,10.57
2015-12-18 00:00:00,IEI,SLD,2000,ARCA,123.13,10.0
2015-12-18 00:00:00,TLT,BOT,2114,ARCA,123.23,10.57
2015-12-29 00:00:00,IEI,SLD,2000,ARCA,122.45,10.0
2015-12-29 00:00:00,TLT,BOT,2147,ARCA,120.16,10.735
2015-12-30 00:00:00,IEI,BOT,2000,ARCA,122.48,10.0
2015-12-30 00:00:00,TLT,SLD,2147,ARCA,120.04,10.735
2016-01-06 00:00:00,IEI,BOT,2000,ARCA,123.27,10.0
2016-01-06 00:00:00,TLT,SLD,2118,ARCA,122.59,10.59
2016-01-07 00:00:00,IEI,SLD,2000,ARCA,123.55,10.0
2016-01-07 00:00:00,TLT,BOT,2118,ARCA,122.81,10.59
2016-01-11 00:00:00,IEI,SLD,2000,ARCA,123.65,10.0
2016-01-11 00:00:00,TLT,BOT,2135,ARCA,122.01,10.675
2016-01-12 00:00:00,IEI,BOT,2000,ARCA,123.88,10.0
2016-01-12 00:00:00,TLT,SLD,2135,ARCA,123.77,10.675
2016-01-15 00:00:00,IEI,BOT,2000,ARCA,124.44,10.0
2016-01-15 00:00:00,TLT,SLD,2085,ARCA,125.75,10.425
2016-01-19 00:00:00,IEI,SLD,2000,ARCA,124.32,10.0
2016-01-19 00:00:00,TLT,BOT,2085,ARCA,125.36,10.425
2016-02-02 00:00:00,IEI,BOT,2000,ARCA,125.38,10.0
2016-02-02 00:00:00,TLT,SLD,2046,ARCA,129.02,10.23
2016-02-03 00:00:00,IEI,SLD,2000,ARCA,125.41,10.0
2016-02-03 00:00:00,TLT,BOT,2046,ARCA,127.95,10.23
2016-02-08 00:00:00,IEI,BOT,2000,ARCA,126.03,10.0
2016-02-08 00:00:00,TLT,SLD,2018,ARCA,131.49,10.09
2016-02-09 00:00:00,IEI,SLD,2000,ARCA,125.99,10.0
2016-02-09 00:00:00,TLT,BOT,2018,ARCA,131.63,10.09
2016-02-12 00:00:00,IEI,SLD,2000,ARCA,125.9,10.0
2016-02-12 00:00:00,TLT,BOT,2015,ARCA,131.5,10.075
2016-02-16 00:00:00,IEI,BOT,2000,ARCA,125.74,10.0
2016-02-16 00:00:00,TLT,SLD,2015,ARCA,130.11,10.075
2016-02-18 00:00:00,IEI,BOT,2000,ARCA,125.85,10.0
2016-02-18 00:00:00,TLT,SLD,2024,ARCA,130.9,10.12
2016-02-19 00:00:00,IEI,SLD,2000,ARCA,125.74,10.0
2016-02-19 00:00:00,TLT,BOT,2024,ARCA,131.01,10.12
2016-03-01 00:00:00,IEI,SLD,2000,ARCA,125.07,10.0
2016-03-01 00:00:00,TLT,BOT,2048,ARCA,128.43,10.24
2016-03-02 00:00:00,IEI,BOT,2000,ARCA,124.96,10.0
2016-03-02 00:00:00,TLT,SLD,2048,ARCA,128.96,10.24
2016-03-30 00:00:00,IEI,SLD,2000,ARCA,125.67,10.0
2016-03-30 00:00:00,TLT,BOT,2038,ARCA,129.69,10.19
2016-03-31 00:00:00,IEI,BOT,2000,ARCA,125.95,10.0
2016-03-31 00:00:00,TLT,SLD,2038,ARCA,130.61,10.19
2016-06-24 00:00:00,IEI,BOT,2000,ARCA,126.92,10.0
2016-06-24 00:00:00,TLT,SLD,1960,ARCA,135.78,9.8
2016-06-28 00:00:00,IEI,SLD,2000,ARCA,127.45,10.0
2016-06-28 00:00:00,TLT,BOT,1960,ARCA,139.46,9.8
2016-07-01 00:00:00,IEI,BOT,2000,ARCA,127.41,10.0
2016-07-01 00:00:00,TLT,SLD,1899,ARCA,140.57,9.495
2016-07-05 00:00:00,IEI,SLD,2000,ARCA,127.67,10.0
2016-07-05 00:00:00,TLT,BOT,1899,ARCA,142.33,9.495
2016-07-12 00:00:00,IEI,SLD,2000,ARCA,126.85,10.0
2016-07-12 00:00:00,TLT,BOT,1898,ARCA,140.0,9.49
2016-07-13 00:00:00,IEI,BOT,2000,ARCA,126.97,10.0
2016-07-13 00:00:00,TLT,SLD,1898,ARCA,141.65,9.49
2016-07-14 00:00:00,IEI,SLD,2000,ARCA,126.76,10.0
2016-07-14 00:00:00,TLT,BOT,1902,ARCA,139.59,9.51
2016-07-15 00:00:00,IEI,BOT,2000,ARCA,126.52,10.0
2016-07-15 00:00:00,TLT,SLD,1902,ARCA,138.39,9.51
2016-08-29 00:00:00,IEI,BOT,2000,ARCA,126.38,10.0
2016-08-29 00:00:00,TLT,SLD,1886,ARCA,140.21,9.43
2016-08-30 00:00:00,IEI,SLD,2000,ARCA,126.37,10.0
2016-08-30 00:00:00,TLT,BOT,1886,ARCA,139.67,9.43
2016-09-09 00:00:00,IEI,SLD,2000,ARCA,125.95,10.0
2016-09-09 00:00:00,TLT,BOT,1943,ARCA,135.52,9.715
2016-09-12 00:00:00,IEI,BOT,2000,ARCA,126.05,10.0
2016-09-12 00:00:00,TLT,SLD,1943,ARCA,135.59,9.715
2016-10-14 00:00:00,IEI,SLD,2000,ARCA,125.62,10.0
2016-10-14 00:00:00,TLT,BOT,1994,ARCA,131.59,9.97
2016-10-17 00:00:00,IEI,BOT,2000,ARCA,125.78,10.0
2016-10-17 00:00:00,TLT,SLD,1994,ARCA,132.43,9.97
2016-11-09 00:00:00,IEI,SLD,2000,ARCA,124.56,10.0
2016-11-09 00:00:00,TLT,BOT,2086,ARCA,124.57,10.43
2016-11-11 00:00:00,IEI,BOT,2000,ARCA,124.03,10.0
2016-11-11 00:00:00,TLT,SLD,2086,ARCA,122.04,10.43
2016-11-17 00:00:00,IEI,SLD,2000,ARCA,123.3,10.0
2016-11-17 00:00:00,TLT,BOT,2122,ARCA,121.2,10.61
2016-11-18 00:00:00,IEI,BOT,2000,ARCA,123.0,10.0
2016-11-18 00:00:00,TLT,SLD,2122,ARCA,120.85,10.61
2016-11-30 00:00:00,IEI,SLD,2000,ARCA,122.74,10.0
2016-11-30 00:00:00,TLT,BOT,2129,ARCA,120.24,10.645
2016-12-01 00:00:00,IEI,BOT,2000,ARCA,122.39,10.0
2016-12-01 00:00:00,TLT,SLD,2129,ARCA,118.73,10.645
2016-12-08 00:00:00,IEI,SLD,2000,ARCA,122.81,10.0
2016-12-08 00:00:00,TLT,BOT,2150,ARCA,118.98,10.75
2016-12-12 00:00:00,IEI,BOT,2000,ARCA,122.52,10.0
2016-12-12 00:00:00,TLT,SLD,2150,ARCA,117.72,10.75
